Month,Shibor,Market,HML,ROE,CMA,MOM,ME0BP0,ME0BP1,ME0BP2,ME0BP3,ME0BP4,ME1BP0,ME1BP1,ME1BP2,ME1BP3,ME1BP4,ME2BP0,ME2BP1,ME2BP2,ME2BP3,ME2BP4,ME3BP0,ME3BP1,ME3BP2,ME3BP3,ME3BP4,ME4BP0,ME4BP1,ME4BP2,ME4BP3,ME4BP4
2008-01,1.9832181818181815,-13.071153685889326,-1.9839089221721788,-4.1115219379868,-1.1606111555000396,24.330568665961064,-9.4969724127953,-10.320073084937409,-8.996748256223592,-8.396411534179595,-5.169178004615404,-7.5072156786180475,-4.8010544049915405,-7.058646256759594,-6.802997414419103,-4.09598149536428,-5.645094248066555,-6.193239630217433,-4.9734831894860445,-4.076353433742224,-6.3098637987732635,-4.12269969543084,-5.4306688604429585,-5.087479570084844,-4.291193436319015,-4.8102376704816,-11.53820469754156,-11.914051408629776,-18.805719718113863,-14.678281187939438,-8.963745811445198
2008-02,2.2916125000000003,1.1327168560433534,-5.576921904861543,-4.814567297215269,-2.8728804239412655,19.099106842972983,11.45760859805281,9.193272556036256,9.645985103596113,8.293472674350243,11.562241101121776,12.160299209541478,9.646931398076278,11.99076316604268,10.592187190686467,8.724149550497406,9.519941873497435,11.163276060813239,11.352153179369674,10.606791518268215,6.901998753204055,7.950452076870064,7.622785256390917,7.095463658728865,9.37776740145222,5.888751891637651,5.868674955145477,4.687332626546711,1.7005269906113079,2.2796960170600054,1.2262376130694834
2008-03,2.084657142857143,-21.20032598300509,-4.43932462434158,-1.8186450531512612,2.0887163941299427,20.495758163031777,-18.516329545198605,-15.959303386578906,-15.476358640805607,-17.100119394032763,-21.109639343450304,-18.981874629547075,-16.953110367036537,-19.67464756946898,-18.96567122283939,-20.34319788262327,-14.13108246941765,-18.562352791667102,-19.60921111980034,-19.43070174242497,-21.63379040329202,-19.407683087958173,-20.929913212509046,-17.6992224151674,-20.728564642933705,-18.257699626002026,-18.915316620524177,-19.334779395200798,-19.977056704049268,-19.341431564655437,-19.64383662035801
2008-04,2.2890619047619047,0.37896326534341007,0.9904601165016684,1.508592680750231,-8.399234625957723,29.226335655890935,-11.55210019328194,-9.868048396859711,-12.550923763569745,-8.954849209741095,-11.96358714258006,-7.653943830028028,-3.7368670690462555,-10.458080593675687,-9.38203541055109,-10.3805069757216,-2.8663252994502235,-2.7961606463254616,-3.1291965902535246,-5.529849354868311,-4.469758427461639,2.06202336412865,-0.16513360474028993,-2.3771335983755315,-2.299379703275513,0.01559388715700774,8.689418593110524,2.913003290702153,4.413410904141252,11.315045506595432,7.673612039260472
2008-05,2.520375,-10.067207304915474,-5.048165424638743,0.016863787770839522,-1.887771877915101,18.883201840419872,-3.7705372441999856,-1.5785582246601098,-3.6949054276226763,-1.0092947492278204,-6.069295208725725,-1.984501625343353,0.720457007779103,-4.758805316828122,-4.671684450975838,-4.025335848349018,1.743891688170712,-0.6700763546644843,-2.925211937282072,-3.6778147786419333,-6.959563461145993,-3.5769528639748938,-3.8884489891595084,-2.099560603407227,-4.367281586111935,-7.425575034216301,-3.774404594365276,-8.329446978144642,-11.306420990270272,-0.23871482332417404,-6.597551056702977
2008-06,2.8183099999999994,-25.23311740553809,-5.630138335581495,-0.05434911160897027,-0.5810570623944455,15.170945645202831,-25.620734627260948,-24.440066907921054,-22.939460311563177,-28.864424379633647,-28.501907606716717,-26.08823855506818,-23.415927726355804,-27.670343538796807,-26.846371005603505,-27.51253522793626,-20.003638468581098,-25.841554433522898,-24.00481508958931,-26.89144606856912,-26.96295292163075,-17.28019627204649,-21.884138630260992,-24.394743008278347,-25.415234237281247,-26.452482728599026,-17.602372124900242,-21.69213162508455,-25.639416731828995,-22.475909531134516,-20.251941353867686
2008-07,2.5076695652173915,0.5378536309816488,-3.8207152877549215,-1.2224459481307037,-2.7779999016668206,18.59436457974255,9.850353153811463,11.658230239178666,9.595565387323969,12.165632179280934,11.058295648627597,13.088138202733441,9.226250308764628,10.814810071431413,11.525782192262959,10.926250353446349,10.880100360142638,11.405982335478287,10.487497244149292,8.85922115541987,9.188276062056994,9.461072816551065,7.341523807528801,8.038124875336612,7.0828944666998925,8.98634664709979,4.2300379533254375,3.423849595727142,3.643824972004618,1.5228531050192702,1.4928640201832535
2008-08,2.660942857142857,-19.762011747122223,-1.3693440290495187,0.5848984568194378,2.6774674888324586,21.299841504093934,-24.027222466252496,-24.463867142781513,-24.478030914381897,-24.054531581012863,-23.289401227363154,-22.282486094189323,-22.488528964839226,-24.458997378208984,-22.547395633691597,-23.869638847923675,-22.394877380153037,-22.901590415136656,-22.053613209256888,-25.146554401182986,-24.017793207157304,-21.237796069629514,-20.354761424531254,-24.449789808319313,-25.147681937910992,-21.448197153444298,-15.86047935590563,-16.464912955285165,-11.903998508681433,-11.896500008546395,-18.97705146884738
2008-09,2.7379,-9.354416609538747,1.9682405986174807,-0.7535366548790925,-11.362224146263864,23.38223564477963,-8.965123982409931,-11.371062613827826,-11.235016379845465,-12.615506595890064,-8.496129441995636,-9.375315938972722,-10.250247256197223,-11.972359231527733,-8.220984872665337,-7.465171312496162,-9.09007210834388,-7.383577620998346,-6.555026506922403,-9.486152960218195,-8.6790864352439,-4.484614682654501,-7.970670295542598,-6.7648733097324065,-6.060903829771766,-5.7926563592451545,-2.0506947191952425,-1.5626204767937741,-6.945819895416395,2.4031763227853533,1.3783734680161834
2008-10,2.503180000000001,-28.251808997696592,-9.646875707714376,-4.074656963827056,-1.0783783429101885,22.114477178241053,-26.10489538688771,-25.781057090312732,-25.94168840782931,-26.73201023479451,-25.1358551268209,-23.23157241709431,-25.508534960646966,-25.982897943079983,-26.278171665614618,-25.597099243359217,-23.33851805279704,-27.149125095858803,-29.359962653578968,-26.4956678326663,-27.607934472598558,-22.718202922187167,-24.424066710941354,-27.033575721607484,-28.67398674373582,-26.021285318632362,-19.104617130275535,-22.823841040796673,-24.963553439949507,-21.444341083438534,-26.939989899834718
2008-11,2.15235,10.484703757566164,-5.5702383915457645,-7.060548091097489,1.0446780956334667,29.07605136069745,23.500979336247887,21.44589248301765,22.45570281677689,18.012873967440864,17.006490337015386,23.13797245504981,23.28293530223151,21.5527177374317,19.710114059693808,19.110476741892573,24.12527404518163,18.888204948565683,22.963457570592407,16.936110087411116,19.870939660526187,24.920975058763023,19.28247900883809,19.75962044606951,17.389448683401824,16.39154810129578,15.388070276000253,15.143847813753386,15.220559914212446,11.825435927590249,10.662972746152768
2008-12,1.1229217391304347,0.3399505606253117,-7.917512607586558,-4.576944181417211,1.4048396680139288,29.218127995309864,4.582572184619892,10.923753687308416,11.185425480426126,5.707167400439577,3.582043954565563,16.221078974461367,11.247635144337842,8.698038064825532,8.53554785373175,3.3659622185283324,14.041718742967486,9.482555089630138,3.125850918637784,3.560298454690079,3.749979002685066,12.706756439811672,10.15108739274048,5.72146077537706,6.193405037600604,2.411032788935204,4.973805554703102,-3.1891747252710645,1.5176385563192227,0.7779030217945209,2.072120144339279
2009-01,0.8559199999999999,12.288203573430955,1.156371451174635,-0.18848883472533962,-1.045269839817291,23.595999461594115,15.23190962823647,15.365566313883438,13.213159294444973,13.140294898595757,17.42328411365204,13.57677070961453,16.62448385060916,14.387375790925859,14.509231658332297,16.695558994795903,17.38604477145361,14.628846697617902,18.566813106201653,19.201393148355177,17.714697295793563,16.24664617623556,13.44707156939568,19.372319489517537,18.199229646276027,18.1082933123684,8.295080138080179,13.92577181650234,12.319717748008602,12.851527577021749,14.389526272146266
2009-02,0.8215600000000001,4.911622807487403,-2.6200500429133005,-3.152102722604571,-2.270187041376148,24.74181087553092,10.462289529639893,5.536916720792024,5.386267603198219,7.440886544989344,6.021167180765089,9.358452108259385,6.899039831120351,10.596673947233496,7.0936548055370965,9.23830005944909,10.403590902603703,7.521260653922349,13.145122494401969,9.513437486784543,11.112176739169191,7.5277475614908145,7.18929440259683,11.863835166902508,8.072675861172012,7.952746843066907,8.570290728577143,10.932850553606933,5.32721944133885,6.586645856485442,6.125887794412374
2009-03,0.8035818181818182,17.584159091968917,-8.893624931475209,-1.016447610241602,1.0194675439788274,27.001221320976818,23.36880868394002,21.34754055818333,21.590733179685614,21.130235949708027,21.996016449402838,27.29078492116237,23.94274776187664,23.083825318401022,23.216383029769908,22.10684530886664,23.947841234073266,21.25566765026277,20.744697765340664,21.586619080454273,21.91902745465912,21.870241028604244,23.076066385843742,22.087067993362737,21.323749901798426,21.222855341740143,20.766499272063275,25.472898745844844,21.750587320121184,16.24111654332602,17.015696172735034
2009-04,0.8066666666666665,4.1113266414917415,-1.6771907979646166,1.3387743053683678,0.41776094340000125,21.6028842287173,4.7955417847519834,6.7863606420931335,7.418919488579918,5.309492892451259,7.9040161518828835,11.187454781121518,7.194792407778445,9.538178460312118,7.957744077147661,2.2815850877691912,6.006679273076129,11.151668546040261,6.993654915862922,4.407249837236163,6.73133859891863,6.732942000600724,10.158849443132349,6.415518959257287,7.597348133689843,7.284033156054236,6.498236430157127,7.49849685946575,4.397940840649316,6.760210738127043,7.012089308193426
2009-05,0.8098333333333333,4.607368123780129,-1.916723127012244,-1.0237470292748232,0.21694335159619305,20.196888600471688,9.49305039500495,6.353770676854235,8.4850384556144,4.385237010170526,5.945277520765548,10.12169387252195,9.079679863988968,6.937848124753868,5.159467658862973,7.864602914729657,10.94193616919179,7.993155649577505,5.962137816355515,7.402541441043171,6.812756298672072,6.389776656849179,8.14357492642507,6.656254146800714,5.3995930872482365,4.782967025995316,8.41049266454161,4.635165000694284,5.839797626552519,3.714749670447962,8.430885485554791
2009-06,0.8736454545454546,10.700399927570517,-7.07345876236526,-0.8377383906320539,8.821556744393739,28.535340909604706,10.358510710319335,4.0356458745015376,3.1811806350638014,4.378972004393452,3.5637630555971134,13.932569640726028,5.597891490235612,2.4503976374872662,6.717903784252625,2.0003765843609034,7.648100228876444,2.953780164468417,4.088048691127558,3.5358858609509642,4.730852321724745,8.411998148440704,5.8791791588784355,4.205140122899221,5.888949442869987,6.591267714165223,40.30697895245509,12.138773561970226,8.31543860742877,9.398286052012432,17.278901328649347
2009-07,1.2526652173913042,14.999002654432644,-2.979410653828613,-2.665430615792915,-7.016950386090152,29.350697592738936,10.02922864084755,11.578991021214595,10.274223760011449,8.634860180682553,8.6423116611464,14.024393697406829,16.617670839354645,14.317481310621625,11.462307018014714,10.663699861207157,12.638181626692676,15.46036592933967,13.75182938680671,13.339055843810844,16.847257412468913,16.706309217730617,14.117100048765318,18.573763269260215,18.049317826681065,13.23384737547077,28.287641949626817,17.472926772404826,19.761226272646255,18.808580973623293,23.206482453872603
2009-08,1.157004761904762,-22.370038180321266,-7.376877361027718,0.2595238148560668,-2.168551506225594,24.49726281597094,-15.893393508651135,-13.002291766156205,-14.943974015237044,-18.184567531229792,-17.723478228948142,-13.169785190725408,-13.408539843814967,-16.14481965545891,-17.76703383159831,-13.809009754634236,-12.71057407227857,-15.706990672636138,-17.485501781274166,-13.859127455582028,-14.84719305245082,-12.306916819162897,-12.645453285123962,-12.996491285670697,-16.839681061309637,-16.380084716543138,-16.50757964945992,-18.269260166881192,-22.248493440776382,-20.174003104837468,-23.905901755844674
2009-09,1.2047227272727274,3.869084443098097,-3.106967162736896,0.03351511181233646,3.2688606002800604,16.955072813276924,1.6481192810838552,3.0357176465870817,0.9801174754188988,4.5840253080412285,3.5996174782619654,1.8177680806959378,3.627206784132534,5.48974603625921,4.155775779376749,2.777990885925461,19.692886457373277,2.766597276203941,3.7231561569626144,0.8233727635408026,1.331588043359459,7.912841951793838,6.013944272968575,5.955917484966053,5.3236579083719375,3.557934254014062,7.508389828380302,6.3743584177844825,5.786081407198804,4.0516762757533,6.838780864075549
2009-10,1.238175,8.12341291929962,-3.382122458802728,-0.5473286744080994,-0.06965659652380651,16.72973681915545,11.25041364186985,11.875307629986537,11.930539130512182,11.706974408315101,12.457703998800806,10.72809446785674,14.437277029491648,11.745410393701713,12.889100884633502,11.22429024438704,9.468173765465389,12.027378943086275,11.293757078549293,10.757027441320908,10.72122234295723,14.499718670459679,16.113290679194492,12.126536469465483,11.184300157283177,14.583794361646433,9.42230416566113,11.819327670307032,11.30735682685108,8.198627622119869,9.383036223170771
2009-11,1.1936904761904759,7.289447022957477,-4.7082570386798555,-0.25995792950291396,-4.9990682848559995,22.48746663992875,13.7653860869816,13.923805238249741,15.483940781035384,13.670538756002106,11.541420912645664,16.810906384688728,13.785730855653755,17.42082747873109,17.983909979062524,14.815782750401151,16.163377022071952,14.829879623329075,13.170137710305422,15.719974466994397,16.830876129998206,17.044808497606297,20.105103842059723,14.47609441003953,15.715923479928357,17.445506823422264,14.341616965035278,7.683421861614428,6.81311438649342,8.906734946759192,10.168168632209081
2009-12,1.179678260869565,1.7852398541964636,1.263573492914098,-1.334614166137757,-0.12937446111252315,17.885368073813343,-1.3029043231864137,4.6961652802366105,3.4779300351524873,3.863894165044561,4.279180962163132,1.157887193416572,3.504658906064413,3.4521481226933974,3.9179979550133575,1.5358108688483345,1.022699040191655,3.5541655342690053,3.4505738920708175,3.372372317254735,1.0990150829233023,2.1653015604827166,1.9139349984258043,1.8958826676224372,2.6603638828959895,1.4430902772480163,1.0455266349135117,1.1377347798696682,9.3689540947822,2.660652951860171,4.674714841745548
2010-01,1.11511,-9.686911581944605,-6.577607170046628,-0.05770384739449552,-1.2931680029079549,20.999424532272307,-6.086303696447005,-1.5480144606627622,-3.4980169221326753,-3.4923624105808138,-4.826032351374263,-5.884122201721473,-1.1007874320964028,-1.5603941222958,-4.260085800020682,-2.4363350884704755,-3.1130114152699386,-3.876396087412443,1.4919643076010165,-2.4530380824126587,-5.194281928292659,1.3969469302404551,0.965620730348428,-0.9187667514994639,-2.1598238558347935,-4.3099189542278475,-4.525388741505291,-8.13847703054809,-8.69882133921957,-7.482923299261249,-11.78545984530583
2010-02,1.5320333333333334,1.5679361509374476,-19.298428948967448,-1.6727780374382772,-14.895867058519677,26.726195242167886,9.40550873546066,8.7306012409603,6.635006428365563,5.6762375226194175,8.382273957491147,8.079513783290897,8.669838380360238,7.92659304270547,5.8727098805459,5.06812599342939,4.791380181442238,8.639812564839447,7.029117838689486,7.118441456384916,5.273074265346673,7.389928233898989,5.598363863491783,8.756182092814324,4.12726267622033,5.816656580163799,62.82881884916325,2.924348022876443,2.572388999929777,2.2597274852855254,2.312764796695476
2010-03,1.3475391304347826,1.207479336860884,-4.93344464483187,-0.200522194180919,0.3779596530856477,16.111425551267466,8.125264377913298,5.385542198214043,6.390397365147295,5.069789278648122,3.888656240533377,9.743967684183186,6.606745145574473,5.665196329886308,1.683798302017294,2.665911515808707,8.53108541357888,4.136199772228997,3.8544017175866996,2.2562520554460406,3.3263910472260623,11.08365864667265,3.935471403551332,3.9404465924517154,1.5311649639787968,0.13910531399741843,4.63725772962381,2.3257638526749917,1.689984711011578,3.0963378522252767,1.942679686445995
2010-04,1.3044095238095241,-8.997081812853802,-6.310449184981327,-1.242437260989442,-0.09251710288577697,21.100110915819844,-10.40958523638395,-7.497650701743485,-10.984497845834944,-10.78320568978566,-10.012686959330527,-4.800547869240761,-5.808857651634345,-9.832039926967285,-11.02678688695788,-10.407882081936835,-6.054478400030656,-6.267580122479858,-7.854610659766678,-8.397598891284728,-11.305472319217136,-2.887477111418579,-2.9895819940018917,-7.790542242508197,-7.434021780530043,-8.566506342231573,0.10525621720453623,-6.906207267175022,-6.694914523152946,-6.336897606318649,-8.657921681548123
2010-05,1.6817099999999998,-9.984796103710433,-6.810366138640423,-1.903527175467933,3.945583615627487,16.475193130659548,-11.019038594236253,-7.806042244115991,-10.066121689551556,-11.57441373331327,-11.494105557090615,-8.097567103518202,-5.532068489071539,-8.092259540550323,-11.649580128964288,-11.565298270241794,-7.00791299491158,-4.64988690710715,-9.173846647779968,-8.387987521781318,-10.12626896707136,-3.662821091311203,-5.252107403945335,-5.346192947467808,-9.206896293135895,-9.533698523719668,-2.738670371146854,-7.956001113065352,-6.588436449653847,-11.154194877242547,-9.48976309902623
2010-06,2.2215842105263164,-9.8721961415835,-1.9809964694971542,-1.8159908678454677,-0.8947417963758051,14.133496011565857,-9.351400423380312,-10.068077532085159,-10.581368402521411,-10.305433864985883,-10.827979488010993,-8.795242245244127,-9.365709469687948,-7.728773938824762,-9.046878270202015,-11.627541791531113,-5.130652259510218,-7.590015917404493,-10.160769750873136,-10.37800793206639,-11.022775939501187,-8.085178388168394,-9.774673642323936,-8.689587962348895,-7.477376320775834,-9.769394243707863,-7.926341376942363,-9.53780696622522,-8.544666909481212,-5.406948384349213,-8.301219510544215
2010-07,1.6770999999999996,10.189284340456682,-0.6352585134190021,-2.9995438911052226,-0.7241254410429756,15.99462069084947,16.610031246038464,15.18773548812124,14.630105567768044,15.391303429974386,13.502940103407784,11.223917959444119,14.397072354052806,14.460535667292683,15.314787922782202,16.564699757714756,14.828995282761953,18.157657369345056,15.053092674581979,15.928709752406453,17.316217543501722,13.100358849379338,15.375788262388447,14.482086300184411,16.079478493282068,14.755935195336436,11.865118606414216,15.025576385866138,10.972769815633686,13.77035424450603,14.416815944921598
2010-08,1.5777727272727269,0.963024258741533,-10.45115396735933,-1.394733751469726,2.1835075723462936,22.66633548450111,8.410755389957574,10.956750982244746,6.92159069019452,10.084775077016305,8.265883065881347,12.200216615943848,10.29544616668254,10.06969165003833,7.418149664932649,7.8116863742687705,13.889399396910644,10.336268173653881,9.279793933527476,6.817104921037929,7.444792316686919,17.132883950717872,10.69317720261866,7.526378434097552,6.445712806316159,7.912197077274462,11.644026757504527,8.464932787854286,3.9041829312074983,3.5363822512212484,0.7926681264525761
2010-09,1.812784210526316,-0.7478579024897094,-5.117130020722442,-3.7896409681223333,-2.1455612892968716,18.36412561703711,-3.9030160056304513,-0.6013198083789817,-2.953777115546036,-2.790285038571015,-0.6583257862771057,-2.592732453449886,-1.3885635704499497,0.3713904697723658,-2.4253542257799077,0.542900389981748,-1.4326732246127012,0.7627647676115609,0.8258179979145337,-2.6250982281322504,0.023925866482355035,3.3438675508563254,1.2284538506410054,0.4534383769892879,-0.7747916062824609,-0.02470619644087456,6.936433460097735,5.788075231616228,0.738641693956764,4.2473029095045245,0.5663084233234335
2010-10,1.5995499999999998,10.409665124344205,-0.15059027160914074,-3.0949125733337377,-3.2539828912900317,25.393590783353638,7.166225689232005,7.837620837395036,6.068781827650058,6.446429234000332,6.545297078205884,9.427302540882035,6.458180641133153,7.86435277730776,8.196953265777426,8.781937366669782,10.47942753963208,9.594283508488886,10.08187426049569,7.937271010199999,8.42987246659139,11.143252874081059,9.510195889301317,10.205061721223947,8.206591593321997,10.876121043615061,15.637169100678003,19.92826626119221,14.608523591397425,19.019972098608083,17.22579617738167
2010-11,1.714459090909091,-5.9601200100369045,-10.618753169674932,0.2112873545347984,6.87164780464013,27.978169380045653,1.5838754812596016,3.371898918157957,1.8061420837797935,1.9255992979333716,-1.9593522875483098,3.323349254965334,5.307071268106515,3.4731500184582167,1.4582354311369154,-1.147954611840117,4.196065420809858,4.42238436769496,1.2682120765819191,3.010750048684685,-2.9862186756664277,5.91739432660964,4.856443842918721,0.0074721203715747975,1.762057352752558,0.7379402619757887,6.202500372302706,-2.5824353469243735,-2.2452355779091513,-5.587354961362593,-7.538421215893047
2010-12,2.8031260869565213,-3.6926291056146434,-3.941439022829205,-4.882927911902527,-2.699837406856016,17.006939876514156,-2.9208677901708224,-2.7848117037792965,-2.724556678789103,-3.25628884151907,-2.6542083034610093,-4.157091653103844,-1.9258195215316511,-1.6555419367400461,-4.406266589765644,-3.2565163463604567,-3.956919063379026,-1.183213520610447,-1.0587093597491333,-2.934158376028239,-4.4688105683855825,-1.07686786628533,-3.568578666304597,-1.4945677762579357,-4.801348973431722,-1.94788603926431,2.3448141546317114,0.7811450368670956,1.3835035598461731,-0.6328113383215315,0.5276764715107759
2011-01,3.9201450000000007,-5.953073051556405,1.4139879339637371,-5.645607930600571,-3.918103884952199,15.318547762778241,-7.92072467937064,-7.766934003519983,-7.787284451253478,-7.357651559076733,-6.680129328173276,-7.028215234294812,-6.8677912241370525,-8.554093500433869,-6.305980487811788,-4.675819021721273,-4.838518247438872,-6.918747571754916,-4.114415676438075,-6.125336523162058,-4.436201738740125,-9.384589147639609,-8.210991158574632,-5.365798165047927,-4.864373275356618,-4.146628272947466,-3.9258155494812508,-6.656869783219104,-0.952089072932838,1.0187706325536958,1.1509553178391732
2011-02,2.5152933333333336,2.796070282183584,-4.073937050623133,-1.5883039052695085,-3.686144802576855,14.561753498020368,8.880301765035167,10.685467786666242,9.347775405150152,8.774976946324683,9.174662505032055,7.78386770910778,9.309251420008843,9.759676601977867,9.128735631297921,9.291403418806187,11.174604062133723,10.922761756683132,10.011514758140146,10.024767518495615,8.884966994008998,11.325693891583809,10.648354579168162,10.666142120164762,11.05785612034092,9.664104837942038,8.230815735600348,5.030397673793485,9.667614799107048,6.593402107178917,4.528736008604839
2011-03,1.8090000000000002,-1.6188296248912222,1.7578867059066878,-2.318535988430498,-0.07208827797075923,16.88708722933462,-1.1291823604875564,0.8854605482643659,-1.0607690672975805,-1.8589675880864351,-1.4928384426075187,-3.1233687442641163,-1.360397450175103,-2.449166349559333,-2.7630370117402205,-0.0809263012936782,-3.561094606545879,-2.529330246545401,-2.7223327100011754,-2.4798969237307764,-1.6480554030769399,-0.18028242382841936,-0.1407755921894026,-3.017283781590794,-1.4551778736795908,-1.7586824262488256,-4.32403307789048,0.7800636239613079,-3.5232988632826268,0.4778914153568376,2.588693609557798
2011-04,2.0857631578947373,-3.4499589061016795,-1.6635088215763683,-3.5722633939905104,-0.2015369309256514,14.688618157944353,-4.314568098952762,-5.317769122585065,-5.761423331161652,-8.283147645143464,-9.023180810453034,-4.125997218343536,-2.8439872737659235,-4.292315290050587,-5.782731897490661,-5.850172527477638,-1.8845953164889133,-6.038581634836688,-2.7795239084769747,-6.947679336253153,-3.3781453057774598,-2.342953492068619,-2.143961262591263,-3.5158913363471314,-3.7601004283873314,-4.315462353137724,-1.292272551739481,-0.3786484686763115,-2.9041750539991784,-2.160698233972578,0.45598832823853136
2011-05,2.9530095238095235,-8.93922277843352,-4.91212852368482,-2.107879360419526,-2.053344390795255,10.700945605508803,-7.708526366852987,-8.254017621318587,-7.473819674379698,-9.391072957626388,-9.140683746575652,-5.024192258279389,-6.106289792711622,-7.126115110434958,-7.2753061363121025,-8.207425069432388,-5.394596626000667,-5.692899117965486,-6.987532409862544,-7.834635661471938,-8.845423228730587,-6.085501316966238,-7.325465975574399,-7.889174733522164,-5.028581256416029,-7.976844793218475,-4.0410586181357795,-4.2550729715610895,-7.65714133970182,-7.090422869049888,-5.977153903711971
2011-06,4.721919047619048,-2.3181359752801205,-4.714886660586846,-4.824040889780382,-3.1881349644892585,10.611562169077404,2.2239343028851777,2.1592254073330786,1.7778021863006348,1.4552735372314656,1.4923169682560355,3.5973564632132886,3.825205324630608,4.792437120697283,3.23672957448342,2.1843670595769575,4.259386189886406,3.6459532908246137,4.333621621547944,4.818147075130478,2.5381516462384597,4.3726725860432625,2.7882985070809982,3.207374633687246,3.6049736974382682,3.9253968934114454,3.639328667953534,3.101012435603464,3.407067541960802,3.144760332387613,3.4754738173549082
2011-07,4.350647619047619,-5.373235527642072,-7.454438077856575,-5.304572830248971,-2.2655442554524394,14.242454366940768,4.849530218379593,3.136491121899808,0.5238850626698095,-1.0510686802856568,1.0093861346301716,2.841775064581174,4.326585152051324,1.9144521340035867,2.2544141773923085,1.0006573228170739,4.710779637759165,3.680352086477754,3.522789399216578,1.8105201323842772,2.7997308700379553,3.3476221505266146,4.164988276173469,1.4728670577473149,1.3510100631881679,3.7929670881451765,6.770554970791051,0.8762777476298171,2.377449014262031,-0.5844910401934247,-2.4380282597613645
2011-08,3.1680956521739136,-7.7586175537222175,-5.859407683079306,-3.6629021963033863,-0.9016894293705886,13.484895353118542,0.052931333834080004,-2.392652093171191,-1.1803352011378758,-2.0249009104629203,-0.47411775427040986,-0.5519511026039924,-0.01036999156018481,-1.4946527217235175,-2.15730586850512,-4.26516126847425,-3.5663503251700854,-1.8542343042785339,-0.8902442970215759,-3.526534681781717,-5.006341288033371,-0.4028291028767191,-0.9957134365696676,-5.095230842136645,-4.485638821808487,-3.750648612654758,-0.877051597518366,-4.307855974967408,-3.1976019510484313,-5.713773034105862,-4.54523508790052
2011-09,3.4760238095238094,-12.35507925571987,-2.3502665692894738,-4.084901067640375,-6.059175702030291,10.862298995153626,-16.87631941678264,-13.095611476388514,-12.672522217813384,-13.904144532582482,-13.027195358940672,-11.520286152562285,-11.342865394107491,-11.52915608334817,-13.000530006793786,-11.848783911773333,-11.776904530160845,-12.796320910144166,-12.10020525969115,-12.97163115734767,-14.291424648477554,-12.916790827524103,-12.066363310433342,-12.550223283186398,-12.599805990773241,-11.882846240998925,-9.569811664432677,-7.981692015381998,-12.138436474915167,-8.301572431484821,-7.799571252883884
2011-10,3.44755625,0.8661125258885463,-3.773746834937536,-1.9253534115797732,-3.3491660001827235,12.117298289756691,2.863843212144307,6.416453490851528,3.688017265328841,4.279986633093149,3.4028443146564906,4.619010201785032,5.319529792799242,4.407995440563896,3.8523831694768838,2.847913717035584,5.611486389572248,6.363168745504214,5.370427984742032,3.9184615659159223,4.138021437963614,6.055312287097166,4.17847809513762,4.447968254660329,4.498607247581032,3.914874591440664,6.411461319733433,2.445221797795608,2.0783610682449236,3.116511155079948,6.242813417036502
2011-11,3.324477272727272,-8.374719284971615,-5.760348087194908,-3.396112054938965,-2.729975769303083,12.26790275259902,-2.9672950777070732,-5.167889040823028,-3.6575249666087886,-4.944910186204345,-3.285714849840364,-3.9396841237580285,-4.147494807208145,-4.2175273945482665,-5.403414262203385,-4.841906870254431,-3.6394732947597945,-0.6951721943370627,-3.759105631549463,-3.656231418357145,-3.720624037790384,-2.29367411162741,-3.793221515327086,-3.132691310334498,-3.873770013538512,-5.220874635832521,-0.868566812080052,-5.3601587785866895,-6.580255917972149,-6.663866299174682,-5.517342128721074
2011-12,2.989190909090909,-10.251577007825839,0.5095825559429237,-2.9827516707062225,0.3923809330776651,19.338020795915003,-19.129513456912346,-17.85592806045995,-19.24724253899566,-19.07377171014301,-16.558851124389328,-17.613655985472747,-14.039327006112996,-16.065582913549157,-17.07897431908814,-17.138813771708595,-15.849626785140071,-14.114614592804976,-14.761141417147922,-17.201781213830294,-16.08314262317858,-14.578804189325307,-12.672982768257057,-13.101297586261106,-14.043093557955318,-12.618746922919014,-5.876960246851651,-9.735292859845783,-6.6463173312561885,-3.2374887833708974,-3.753271527089115
2012-01,4.489746666666667,-1.248368850028709,-1.3042990776693526,-5.462205508522728,-3.517990332324918,13.836031158222783,-2.942207071895062,-4.692511435606879,-3.5521369490383683,-3.9291159227746935,-4.007947701155063,-1.057532029176469,-2.1144111671033636,-4.537799844888556,-3.0547652682547373,-1.6880912119486045,0.17514144999608572,-2.074267396072771,-1.2112136277069463,-1.7889805933845324,-1.567855203156029,-0.5531627197548559,0.9052784891917858,-0.18240627899712014,-0.2762178952000147,-1.8499193788447557,0.920404061956983,2.6710071244993925,4.951049172737394,4.974707366767076,5.786702827857934
2012-02,3.4305047619047624,3.6784589968959835,-6.554515314076689,-3.217476809684186,-4.197911295668062,13.487280553373866,13.958004042912515,14.609848442812817,14.326531088802804,13.37394011180374,14.840732766114456,14.917129019962225,16.14707130202953,15.35009746053002,14.475250013194962,12.691495320839444,14.582068707258964,13.632686582820629,13.212888171277845,13.170800808204561,12.966297832168188,14.286233655195936,13.826829399580317,12.89314400517726,13.151910668726428,12.070732397055592,7.611577817488381,10.843549271683187,9.054761709109782,5.246468083460491,5.477868797866474
2012-03,2.4726181818181816,-9.360694473251314,-4.290892767430027,-1.728430959703453,-0.5939030883496912,11.927436190390132,-9.795873039248475,-10.036466950789004,-7.279790787563677,-9.851174225036583,-9.179104288254022,-9.158816174286295,-7.801465711785324,-6.839260676544067,-8.62291136535321,-9.098429166514133,-6.8104215918916715,-3.6027036865112603,-6.2254705841503615,-7.429242165184389,-8.946310686222391,-6.347004940269054,-5.977941277484724,-6.515099926574369,-7.2785776750380125,-7.007178139053623,-5.677391658525156,-5.08716222984139,-8.217213049114982,-7.245057036621512,-6.9629477496852505
2012-04,3.193970588235294,2.715550692045522,-3.5214907754601756,-0.4237128905770482,-2.4470076834187524,12.759835849385455,7.292766252836151,4.7454357503026525,5.04634822573013,3.6484925383426923,1.1495811170992611,9.955123691299072,8.651608240515458,5.446535599559339,4.752951389660916,5.882155306989039,9.757444617911409,6.274646053745684,8.359874625035214,7.89447165895354,7.069166025262867,8.657869171899621,5.888784163439257,9.289304082660209,8.912451628184952,6.981149552980074,5.376741411384323,8.143662752618827,6.65955886503657,6.353292684519757,6.535972264986744
2012-05,2.1519636363636363,-2.194307629168575,-3.820437983619811,-1.6181659257829037,-0.7470383013144613,14.064997372267221,0.546610130879459,1.5506742621267664,0.8033231835107425,2.9384944007357983,4.028739593216962,2.945136237049484,2.575958813224961,2.130728303094629,2.1445505879992406,0.837274860770399,2.077491414944105,2.009553647276093,2.4316433540534517,3.1508652995827267,0.4047209783044252,4.95403063897935,3.396827878600597,3.951113323722813,2.7651185257709825,3.100375181010615,3.462360042343687,4.5310905271870165,1.535837597139969,0.8639171013404243,-0.1811666805191582
2012-06,2.7698099999999988,-7.848572219550902,-6.477492681249992,-0.07229225131101202,2.2742671942466623,15.64335262334702,-5.431691393182739,-5.377504570063133,-5.323778318118569,-5.3312570895099665,-4.733161103360547,-5.331362260518179,-5.444887250349994,-6.36848281041474,-3.8196914506828996,-7.101516183463128,-6.215466042610679,-7.235920915779019,-4.752387759530496,-5.787632281538575,-7.529329243515627,-6.350587538330681,-5.843582006523903,-6.5910451080060986,-4.513611613287553,-7.20551325704309,0.31820760676253057,-4.406967136249981,-4.272129662596141,-5.257125695799629,-5.52150342351067
2012-07,2.7182,-8.257531880271292,-3.6783632915728206,-1.5352947045221046,1.6884441814928075,14.94127682534171,-13.134587563194394,-12.549269680995314,-13.853543160999877,-14.459985352035188,-16.34477867163241,-10.112316297853198,-8.65974572172468,-10.631004867189226,-9.26611075439873,-10.327534463590801,-7.225994480573637,-6.500281625592709,-7.959779738400441,-10.273991244597983,-9.264781005494065,-6.439778911324973,-7.095996608862458,-8.82727758031418,-7.746845002644508,-11.485178640270647,-2.4005870813313286,-4.319527429505492,-4.7032159541627845,-5.010499091357817,-4.064828477528231
2012-08,2.7431130434782607,-5.160842740084146,-5.916866726218718,-3.951262018152757,-4.150710790832062,17.442405167231016,5.156311184551356,4.426394829801798,4.290842598782319,4.280725027491642,2.9082061533611006,4.230419546287922,4.210307907524832,4.176370535361748,3.3127640251029904,2.4025532316140272,3.8828169263260794,6.349529013911958,2.5904446242199093,2.360493367371084,3.5637886094962883,3.1216916018664023,1.5116960406239681,1.5547947099512467,1.3417967419501844,-1.3921254621853467,-4.336775378979482,-1.790397579291389,-2.6711234334781215,-2.4292262789348076,-5.17766895937231
2012-09,2.8992400000000003,-0.5089415990122332,-1.4568746215177995,-2.2996712392488843,-2.0603361907138154,11.881326074851112,-0.05968972790661828,0.30869586254580356,-0.6298996222759505,-0.24462596044056745,-0.916559047746564,-0.0458431701476628,1.1607115648862736,-0.2629652355837139,-1.2099688421973156,-2.3935862342227083,1.260184431466413,0.03427189027371805,0.2914143395068492,0.8106290869064329,1.6322676317070286,2.0878756970714343,0.7701796416689899,2.5463093815995506,-0.5252992044818956,0.6959738746725025,4.136211628913469,1.377364102224501,4.65895821731513,0.8617529573269052,5.3439476623920585
2012-10,2.7376222222222224,-3.651806544153966,-4.78776042381509,-5.0154545671011395,-1.9957419349981231,11.892769338551028,0.7842079267129016,-1.4921753076731346,-1.201548991994069,-1.149491595651208,-1.5187698435732866,-0.6866617312292613,-0.4441435285500558,-0.340585667318997,0.31240024190330795,-0.21774827592423168,0.4669824642506284,1.8884436095585062,-0.4483398785774591,-0.25400511964671474,-0.04439961420384739,-0.7671495818319015,0.3024030092011427,-1.2908300323167416,-0.5833816634627603,0.08157621827199518,4.254458815555609,1.2017545180094775,-2.473234098237071,-0.4067744740185274,-0.5476594124046424
2012-11,2.416204545454545,-8.376243863806675,0.1319150622644676,-3.2914771831538614,-0.9590221416534952,15.78167444481388,-11.574202474747795,-13.136173478737016,-13.048770861763186,-12.69348285540561,-12.239432764865551,-12.24374635249074,-13.098272158369314,-12.391829749305687,-10.432410749005127,-12.383190341249819,-10.945823918606797,-12.201089780009719,-14.188500303910415,-11.258574618821847,-11.900740498197482,-10.96195817790589,-11.800392967921704,-12.136864059831618,-10.989781015275108,-9.838190819424888,-9.321190558826592,-3.575518527757727,-7.252663211889227,-2.509007868584339,-4.181509726394032
2012-12,2.369371428571428,12.673008030585937,0.2564682109128076,0.224915196861462,0.49412435171582425,17.976270048640927,16.444572733322946,15.297444808121892,17.008466779717292,13.917370208091462,14.101125086992859,18.963692256540696,16.77470083086761,16.206862085174457,17.070236720952895,15.90262379497906,16.14174264307151,18.532419322798646,16.69697610417424,17.56064481112728,16.973110330956928,17.834603039934933,19.60871757611709,17.955333739213653,17.35666131901235,17.314936361236605,14.437431596387732,15.447394771164312,18.827295512575894,13.360345619683319,20.43057248563613
2013-01,2.1020650000000005,2.9896030160486555,-2.164902619226382,0.36690479568467893,0.3042863016614694,17.66195660537029,4.161463930442387,4.1359971361468615,4.154540468432902,3.836491296346387,3.1951649807320064,5.4447327057253165,7.117460021734849,7.441051768590862,6.954493453581441,5.406863044949941,7.578260242408395,7.964422478534859,7.983572002160198,6.016159725272272,6.010324565282117,8.185720841178714,5.711156365191765,6.626801285120534,6.600245871677654,5.122423105803381,8.262309290432766,2.7268733065647153,7.741409617005086,7.017963905553868,5.934137410990282
2013-02,2.8377933333333334,-1.5697530669451516,-4.446206279649135,-1.4778945388033264,-0.24670423206745662,12.545408874330523,5.110345019971238,4.437451226436621,3.679553351821041,3.506209529561612,4.935991441283883,4.449079582485618,4.491216502224654,3.615640661239487,4.703197739154934,1.4016794944996527,3.613824921465005,3.9682253607771205,4.461068287620224,3.6010237183165583,3.4272145170614845,5.245904680846778,3.737002936055595,3.4874838087775535,5.729542534907768,3.136302446430914,2.254693072029406,-1.14968621150716,1.2153482058233656,0.32563625664375284,-0.6234158840279778
2013-03,2.3276238095238098,-7.686778896848041,-4.721925662216224,-2.4555900457329045,1.233102746224215,17.663969752573397,-3.05831780244029,-3.7411330119147994,-6.091912497517097,-6.20662172992873,-6.698526680797915,-3.4882881505866483,-2.456589238237828,-1.4052154381377795,-1.7971349438321726,-4.265547911283918,-2.281104344677144,-1.2498051735606344,-2.745249053207363,-4.694844301042125,-4.977256101736544,-1.2058337160493724,-1.3836308428579247,-2.496635166998973,-5.314243711193752,-5.640190220372641,1.8340944313280687,-3.4797827089061926,-6.067127742303713,-3.1443232027726493,-6.2065788289218204
2013-04,2.466255555555556,-4.555266158941732,-4.072425257089292,-1.8940860008725218,0.7050989668139422,12.827717678223221,-5.381198148198585,-3.378740825084327,-5.39290991268336,-3.855492435282519,-5.206542198708839,-3.6984059753058487,-2.6841518092149688,-4.020984883731937,-5.975923712956087,-5.156633911998858,-1.8993678639999019,-1.9456401079746093,-1.9876560247831436,-4.364304136155022,-3.7288821878312044,-1.8240991581820318,-1.3653537785120673,-1.229150773541191,-0.4170265515539537,-3.5687437043789347,0.3948382373821383,-1.868478928164677,-0.7435707728924313,-2.4141348390085935,-2.1664741696283984
2013-05,2.921122727272727,6.876867892786977,-6.992158334143673,0.8258244565483581,1.4364110193414392,22.699072051446386,15.07006628209189,15.94098078933132,15.860135357587824,12.157218760831022,15.83105135032578,13.826698079300495,16.864959400234802,14.825630459683051,15.507429799393824,11.283074876896722,16.50257738412791,17.09979618547667,15.128481746486894,15.173780878482434,13.847994474387555,18.59223183601933,16.87519317057499,15.317367324565058,13.343260751306863,12.37394862334433,9.369991334267532,11.150270178671233,10.507747903694263,11.791504356570812,5.34975113309925
2013-06,6.468176470588237,-21.465914607020352,-10.061698686603382,-6.581963128148247,-2.0097687891619307,13.996174376460367,-15.583055659069114,-15.650607855531602,-16.40963622086805,-17.976456240460696,-18.048599438762736,-16.828246634225213,-14.099010846726847,-17.405201513840634,-16.173902817246848,-16.734494090477668,-12.972186100316334,-15.49367573388356,-15.755107176138782,-16.47930041877099,-17.48764747419092,-14.108188572520126,-11.927686474252834,-15.84669916485661,-14.098382646506947,-16.694008657011455,-10.006708110613692,-11.911935440585653,-12.439244401185572,-9.657144157962907,-15.091783335200669
2013-07,3.370043478260869,0.3927284476095543,-8.263876332351902,-1.2506086975158368,-2.2272325124040524,20.48991717982991,8.723250840323448,6.5975242938726195,9.10993886450255,7.3786180852520555,6.725637217846887,8.101564526326793,7.484279744027427,7.792939919160882,5.594711931397907,3.321215588950717,10.122099133194,8.279753488252995,7.949066625911266,8.533655794394491,4.827349683854145,12.267238000432735,10.018591527775733,7.995521192474171,6.36792127439846,3.406290872766761,7.556455044489639,3.22204622387367,5.169842417208443,2.316703966662454,0.7280785644864107
2013-08,3.219377272727273,3.3827010297259785,-2.062991747526309,-4.217347954700642,-6.525840536919485,20.16526007495917,8.828205585876782,6.692744800904983,7.687839766261441,6.869740229440106,6.262506110678424,9.451743581609671,8.82320947703706,8.436528063764497,8.194153484196468,7.22140664978255,13.845848362569026,7.059874208588245,9.102847581507364,8.913308912186787,9.003725289539638,12.019000993554283,7.0457960630415,8.102109502475514,9.921025704135344,9.740371311332726,4.767605396122436,4.51803559859605,6.461819445349288,12.414162239016234,6.466417564606365
2013-09,3.1505263157894734,2.2543105938168844,-4.805764502516254,-6.392193171731515,-3.0242052570375972,22.58989907264046,3.4917505023144613,5.48342168814049,3.704910145719885,4.132153779179314,2.970398310358529,6.6130666785486145,4.84572083152096,5.311479716792633,3.1785706953667043,3.8381698686839587,6.034182186012613,8.29031830404128,4.432244958652463,5.0152956593150195,3.0022494981345895,9.64957461491084,6.81469238842711,7.35924715430537,6.019050979141129,2.2829470849440248,9.15621302536048,10.862322259054398,3.562347560368381,11.583496752531275,4.549809370308758
2013-10,3.6157222222222223,-6.419954001864275,-3.4432269495653194,-4.003091023047849,-2.8545139145806706,16.07913324499697,-2.4061394683617277,-3.217293859118288,-0.9711819651705418,-2.85715588810556,-3.3591220565678452,-0.2711163636470046,-0.2672303677876165,-4.29045643677823,-2.1374774425275724,-2.4439762887439924,-4.8214302539982645,-1.0300975990022676,-2.7720252382369956,-2.079802941908215,-1.1855674612774578,-3.3135378864847445,-2.8687258941365448,-4.236738272519824,-3.696743912468557,-1.2961284964815492,-1.2593971470436511,-1.962647839205539,0.25169243559306304,-2.0278897877898645,-0.6651596740182816
2013-11,3.886671428571428,1.3583619684609447,-6.785913613738128,-4.078692075972905,-4.843489253880688,16.211290564810227,9.905590012669922,10.633809064689078,11.064385433442599,10.230239408097663,7.525376814134273,10.295685788077401,11.089275621332902,12.02604071113392,10.449634180340189,6.9888690297964065,9.277789098695497,9.205507635567226,8.0853246604834,8.055739500447281,9.193193217699475,7.782969705572182,10.057774390440855,9.414483161540925,9.567746305210175,5.57971242071141,7.917618721224405,4.237575777121663,5.09864264540765,3.7486263465852985,3.640178208769004
2013-12,3.68339090909091,-7.629402942529637,-4.890825464830119,-3.0089385022795683,-1.694556488750754,12.999437287568785,-5.783170045790454,-2.4244093053445246,-3.4049838467669074,-4.642624495126735,-2.8425638647568463,-3.9602208598976376,-3.062359028467726,-2.7990050116053586,-3.3579611936582614,-2.128470663279842,-1.7135550103887613,-2.0630868204899615,-2.3800902041232965,-4.080219797978665,-4.053159989791681,-2.296409401543003,-1.6685002691490358,-2.468118858759425,-3.610849228900156,-3.0017046833705976,-1.4568820052229332,-4.2477416612163665,-2.4774163774359774,-3.4830466502712745,-4.584930811837901
2014-01,3.3991,-4.597024065255617,-10.327903299216132,-1.7422651398550932,0.6698893448542771,23.762845061771742,1.745417559283719,4.254062868803787,2.6564635713801197,0.2280197142918194,-3.093850025320936,4.846179078876377,6.668866586318811,1.5713994330641976,-0.13157214010117257,-2.492406133622333,10.85471685556051,6.49997438966295,3.2573274029955135,-0.24161825737874834,-3.0747429833633664,10.099877325664487,6.298394845644028,2.4099182850083074,2.8429157538731786,-2.4317247165395264,5.613443438539694,0.7267420760206696,-0.368140529329146,-0.2793641048721785,-4.563312335128736
2014-02,2.76733125,-1.8996110635308767,-4.954025218635665,0.02354125682849606,-4.585988559235362,22.39486224507779,3.9767942467659982,5.303033585404818,3.476148248976506,4.047820086377134,1.7166302565137996,7.055131511485664,5.499309122773684,3.498510809047748,3.44301439548884,4.025766022912119,11.90658409174165,7.195514639930664,2.8918124895731094,4.180012848342684,2.92680928100166,8.333472025796329,5.639120186717385,5.46619689032637,1.4407701611987753,1.3058937545832656,0.024382854964879783,3.215190384549771,-0.33305213232780334,-0.7156085478852334,3.743484293205956
2014-03,2.2760238095238097,-5.067764475945149,0.6562548833370636,-2.7828975919508685,-2.375048513392841,16.773951692314437,-2.6732204297144038,-2.7043066579323716,-1.2957892323932776,-2.9741504799543024,-2.216192040729354,-3.5998363297244054,-1.7694966172922888,-1.6494178788880145,-0.012855867494611387,-1.3165420598488875,-1.7103763434080872,-5.1148873655596985,-2.888085286251171,-2.3489937352630297,-1.2340797091724232,-3.8826778060575973,-5.611648040051736,-3.8912673829041733,-0.9796777242941747,-2.2967504403482337,-6.54802372294091,-4.390601043262097,0.752613542288527,-2.4245352084286536,-0.6524001683910028
2014-04,2.4776761904761906,-3.2453232056546204,-2.1705158392400272,-2.300145918444783,-0.40213276258375563,12.609075560403825,-0.27507990339784766,0.007764733447798749,-1.7527444278175532,-2.288596183724093,-1.4710448625735666,1.16259427151545,-1.2539525402896075,-1.0350068917339212,-2.258171994386241,-0.9956849809657955,-0.8169157524992331,-2.1548231663901074,-2.8886887749476244,-0.5802994462410482,-3.479054625368118,-1.9462142787989452,-0.7549678868633262,-2.3939101293777094,-1.8064719233228086,-2.208587757924299,1.4958595613408998,0.05173859055822126,0.9356817290800309,-1.0799059494604943,1.386343975394356
2014-05,2.411755,-0.9190624428731264,-5.157571905318236,-2.530618064219431,-3.2063523069031774,12.318564249669803,2.8164277127451087,2.851620013232828,3.4535427479979406,3.1321609794353997,2.3327214459822065,4.95498643722861,2.3167802633692545,3.837196692522362,3.5880447030501808,0.4016716875691634,6.671450069451399,5.818419802097693,3.811316892354409,1.968284338907029,1.6674552593385368,4.376506359458565,3.883152219817214,3.3940577283416777,2.042001004036601,0.7967247136094898,2.5983913395257288,2.4813627411979393,0.795351281361632,1.5886399693460747,0.22048976970721124
2014-06,2.69834,0.3813725844680196,-5.441786251976355,-1.6986423316952934,-2.295479600364553,13.562986867781097,6.859414421663653,5.0856760226164885,4.9438254122918055,5.687628165233813,2.4974990321255084,7.676446496243527,9.524349367380056,6.399847065256376,4.787656695858553,2.8548403975168344,8.366349982006293,5.9110837523500415,4.0407029696283345,4.57922856341258,3.143372064667792,6.191430304947155,6.792397089294192,3.424448212383272,3.5837448403700733,3.0237830897679863,4.852396502876767,1.7776024032529476,4.008507791442387,1.3668948326565535,2.006489133175269
2014-07,3.2097913043478257,5.3617300961328045,-0.851895637257551,-6.324660573061667,-5.360804352039075,16.495732840191128,4.781593253796281,6.344187175663676,6.352633465892977,5.851284068204919,6.67828836524203,5.160917479111777,7.193743231725377,6.018000762504233,6.896788600663145,8.762293991282695,8.31799078342413,6.137563393794583,9.039179023211785,7.2967337818364575,7.798099578614303,9.973352885640873,6.760547103889649,8.054913966319857,9.35136844178467,9.833391029992123,6.250723249143754,7.875042079464586,7.560513848527252,8.988019755738216,9.727977142045546
2014-08,2.9371904761904757,-0.10689440024220698,-7.337161143439935,-1.2693923358372459,-4.438469123837304,16.46697303612095,8.61894381482855,6.9715932491388735,7.762710593639884,6.473678558019183,4.254001955169787,8.588004740262024,8.00448701759761,4.783578340212712,6.780811822854111,5.83830131726089,8.026895274384412,7.2445007202988085,10.393189852959031,6.3214652217925655,2.934145813995587,7.255525063897602,7.2662822204156186,6.502203015470659,5.01772561287191,4.513327327666189,6.2819393037941476,2.827896916517293,2.441771193394381,1.8442306403516513,0.09875159357608274
2014-09,2.7825,6.895969390247792,-7.698674592566137,-3.0270583600008094,-5.960257329511732,22.556312978420983,15.028412438617583,17.933146480734454,16.62855569632485,17.025810168924117,13.453521230316959,17.162634364713107,20.09606586005579,15.686444683681142,14.25719298379922,15.655231532893572,17.282843686644867,16.315632522927974,14.307561329697684,14.152128999708943,14.32882672001253,15.612034405412537,11.717323864719889,13.143661208795862,11.48561970593334,10.729922476340072,12.52135126477155,6.290776680436361,8.025972213569354,8.312807455624927,4.881024206060862
2014-10,2.495011111111111,-0.42102091462855507,-1.4145357251602286,-2.0617761905877194,-2.3838538803348635,13.849373145125082,3.1211821641118016,-0.05101632178335788,-1.0414712217084643,0.7683659191570813,0.15601834620255117,4.554367040692449,4.407571364351382,1.8912574604506955,5.054115225031796,1.8776471302636888,1.6920495795772117,3.7504560234269957,3.262449899305761,0.7295477559808016,1.9901134867392036,1.2069304188950216,1.9915381053663652,2.5467933251423576,1.5666064421602945,3.13034114907867,2.124856599547119,1.2685833913209117,2.1566601811890127,3.737595674985936,3.745466447161073
2014-11,2.5376000000000003,6.478112820443198,1.6462570000808432,-5.215842900750991,2.6678980371486203,22.822815506838985,4.583664327145398,2.8536560499326864,3.5152452096121314,5.021547278574986,3.5932126689136377,7.959037985319902,3.119117461926692,5.090341187662608,3.802543801360735,2.912513420788008,8.632543152189948,6.261573997071372,4.967981985447644,5.10849280291188,5.1310094648848095,4.38429396668122,4.049240535836263,8.137870805261366,5.71044096100343,7.315459593690275,8.412008963684015,10.73341924479881,18.03961045265138,13.698892684692835,13.140675731888958
2014-12,3.0243913043478265,8.213358512203142,17.213222864324404,-16.207889809709968,5.009823098340796,43.40123015625464,-12.359276179899423,-11.692980727499275,-12.845688714859465,-12.111396545215365,-11.10449763064405,-5.169817396189295,-11.152327336228371,-9.734204982224455,-5.044901244119563,-7.061571276992479,-7.53764137918871,-5.83980241034582,-6.29080981366587,-4.999802042065132,-4.887475790095929,-4.0958816190551905,-2.3511006680124718,-2.4137730645060156,-1.8784547138258907,4.784112997245001,11.443474610359834,25.823137377194897,21.107021592910883,22.48023237761406,31.55463034479924
2015-01,2.77865,-0.8124724184093439,-16.34902223131533,-0.5883787601519588,1.9939911824306735,29.69045781446868,9.58207264858641,9.31585461750184,8.603899510877637,6.994725484622414,4.888743532538676,10.018543499559222,8.736227686977223,8.339043631839663,5.672222176179303,5.70494365605817,11.629105764794785,11.482805870340817,7.709828077296118,7.700034441646407,5.265858770013587,10.612065898425817,11.370624072737659,9.367601348309096,6.700915175477926,3.393933942005132,19.595386800152387,3.746382109602183,9.15827949750071,3.2465551458307083,-5.485138091244607
2015-02,3.0539600000000005,3.199274826200282,-9.880983839999091,-0.02150254578378208,1.9566622838058856,18.03161578255083,8.272977893719029,8.097704146935861,5.185097972288025,6.632196101615731,3.911543962387139,7.997856501492611,8.147046993469237,6.96200790386879,5.851250170831845,6.1409208419563655,12.183806687269342,9.242748649986547,7.091096374330116,7.14060110856392,5.742627446187996,9.126470492839633,12.099173564445548,8.336230617788392,8.348873665207014,5.883635855355326,13.180670765010268,7.496554278253026,6.054062274612777,8.835977155316172,3.9430115647203277
2015-03,3.3365181818181817,15.444969973437328,-12.682040764050388,-1.290787034693686,-1.544708403402172,31.04804622708355,21.771145804149135,26.631964752198424,17.173582238125537,18.36451941891609,19.9744465132269,26.01747814344132,22.77714277718312,20.33776834605074,24.39796861362815,19.35714924342876,28.22395953609669,23.585859085078443,21.736014306264334,22.578227752174733,18.336766251351467,28.843466982515427,27.07845655325911,23.492997160991703,24.76854968372958,20.59252012502763,24.4841604355549,22.07285925723026,15.095808785053292,16.670869114668307,14.741399861849722
2015-04,2.283190476190476,16.68055648933557,-9.543449497545595,2.410895954032942,-2.1626354349031334,37.99346972598383,16.395804410178073,18.451327292970692,12.352757431503022,14.762061717419666,12.32123546378296,20.787257302472323,17.49605906712271,17.712298490626587,15.212946264834253,14.788897449965749,20.856811389907218,24.272622652997704,18.215917244063743,15.925536347985663,13.908831664643944,29.874500614226417,18.119147480080983,18.945396654332836,19.52226271316044,17.061260053923924,31.622662304568983,20.540381351349374,21.033357484203616,22.339683891700776,19.700270783280057
2015-05,1.2084,13.836537964449565,-23.947786720242775,14.100332412941706,17.898765117712788,77.18928107367161,31.0847649324127,31.253122644334656,25.181478163509713,21.472894693940464,17.51625229598152,46.415075494280046,32.345323715070116,29.13983728914528,22.996323492776433,17.517437364387558,67.86295651317691,39.394922765000864,31.934406769952453,25.47978530842525,19.871971716233872,63.250741165708845,38.90568368623424,31.259587121677345,22.754953526585563,22.834147298540053,33.01608632074951,16.714721253341757,13.93007740843754,19.132330329636947,2.3442365864201054
2015-06,1.163,-11.683916086888312,-0.37025138039145555,-7.019644428997671,-10.515118227258771,41.73877443029136,-6.102563877205778,-10.7071665320261,-8.658938028003163,-15.324369213373586,-11.89711236575437,-10.587337057849975,-6.926548261043449,-11.770119421937947,-9.862031972078912,-11.213053275909989,-7.159666016117607,-4.404256431979847,-6.657553811379118,-4.708905173295723,-9.616657562912232,-2.9517041488790747,-5.848111710408911,-8.126329129137734,-7.034731399772032,-11.900859479705487,-1.6076575131488684,-3.7213437444798507,-6.789335396538208,-3.5663672296257607,0.5137939795170462
2015-07,1.2767739130434783,-17.048639304828058,-5.51126271783576,2.3896760630876512,5.316295034088452,29.005551902767504,-13.293360909852186,-21.057103938512338,-21.04503100669727,-25.136156747882115,-26.209416265432225,-13.97457496887746,-15.64264598343907,-19.96035353291045,-20.628852641213168,-21.727801346109786,-3.9784841615447633,-15.357402322775021,-17.3649827162011,-17.470453443253653,-18.77630275690165,-11.837050344005695,-10.864812648192517,-12.68166426852563,-14.744701720759911,-13.962968448886894,-9.402611942285297,-7.740451478570855,-13.24677325116794,-12.133282487218498,-13.234595153820003
2015-08,1.6847619047619051,-17.03121045824341,-3.293344797495375,-3.3215165330538925,-4.5868628535575136,28.251931274374105,-14.372045155015996,-16.897486199096676,-15.775435519147557,-15.785489353763138,-14.793712134795216,-10.60093616107697,-13.438760391949515,-12.028636892942934,-14.242651843005945,-15.206867919976675,-11.414992738105054,-12.561782307598804,-14.8216582312287,-10.572601245118294,-13.832988746126146,-10.319740760153795,-14.416843102041367,-13.242323587779202,-16.302608257362568,-11.73994662588593,-5.47951092849785,-9.200825563192005,-12.754672421519414,-10.633302544866414,-11.108043917520872
2015-09,1.909205,-7.8285781722912535,-5.512933443449117,-0.5085426867493248,3.288458909086513,20.385337316653946,-3.660677971694893,-4.357122415269528,-3.527341384142205,-8.001384902205048,-4.70265682218806,-1.3813458295613712,-2.3042802539563407,-2.7011257704171032,-2.6991932996883627,-4.738057897570762,3.8269733525427543,-1.260551272438896,-4.339979182584191,-4.1808792067498635,-3.800388245863977,0.824903674316583,-3.423075344301648,-2.3446201137840963,-5.193364138796527,-5.854353736100792,0.8987658778129828,-1.3360585597719161,-4.3507560930076545,-4.590710911691863,-3.1623218623635583
2015-10,1.8748235294117648,15.226816990295253,-11.947641362932277,0.15637252405091795,2.719942984322499,32.365172788898754,22.386752803942844,22.35029022882644,22.201070678169092,18.429933013739213,19.118690918707944,23.269155584289898,26.30077176287107,24.162770799711026,17.81694309256708,17.92974321538641,27.04769685560704,19.857886264751784,26.75327583493278,21.056040970853566,20.108358496970695,24.414899494879855,21.46988413721051,21.390528821453895,21.329562942649087,14.375428032309015,20.728706328141143,14.526697881015794,15.283538429912879,12.601601438188805,9.480011329360064
2015-11,1.7857142857142854,4.421807892209933,-11.623969454806634,-0.5998976396160101,4.89574661200753,35.07313995085057,17.782908565240337,12.460824264020328,11.073574628100825,8.094479834305428,8.257471772209247,18.541508558301384,16.279552305820058,12.130435063557933,8.637252348404122,8.501752613614222,22.260696125288835,15.371980467538659,14.441027922404686,7.838287382664321,8.275546785382025,16.329911470825643,13.762729317737907,6.610141731425626,9.97361074549895,8.762461436859036,12.55040732115089,4.812423746522236,2.2295607756250466,5.556167327954727,2.103927117557582
2015-12,1.840782608695652,3.4939122532683546,-3.273944390726772,-2.6790498466571107,-2.844920224739133,27.345472652051097,9.751378589313259,14.021647622604402,10.414520046816241,9.538060578095072,7.150437644394974,11.001478029199346,10.361236422851816,10.012762873089123,7.840842548287113,7.503959326617517,10.568673972645447,5.584061639495411,4.494756062539209,9.156091901918167,6.272615250478407,8.668033028620963,10.276386456908128,6.636773729571633,4.43804880651323,5.606989664918258,1.980048685442763,3.401125288537285,5.197398259444273,10.653424261178763,3.795041400150837
2016-01,1.97875,-29.53593086130084,-0.22804770263580765,-2.6121074620085647,-0.4222615767550073,22.16640569595205,-24.51146949543019,-31.835864243227608,-33.176358240463564,-32.287242779605876,-31.124066727478528,-22.82153850268089,-26.866697796644218,-26.753029318993296,-29.91982238645992,-28.65480991539484,-23.978322431971723,-30.226418784046885,-26.945471227682674,-29.307175290564437,-29.017975365494564,-26.15057456568856,-26.38697919107245,-29.06575843493331,-29.133659705367723,-26.192032826104697,-21.352238079865575,-23.547693023775427,-23.332339473365693,-21.289341352721163,-19.97467323494387
2016-02,1.9756875,-4.661878804883345,-2.3259230419416657,-2.6765530719680584,-0.7741473410665596,16.36114247344621,-2.4973464264835052,-3.2469453403453827,-2.977239651088274,-2.0749827203701376,-0.24299963877984698,-0.2409225239237817,-2.656543624909782,-2.3712937673355046,-3.671618901677066,-2.3840486351210948,-1.6498633203416577,-2.5055531569736336,-1.0554942501987898,1.4317722083093556,-3.1342789458442857,-0.4287528640881327,-2.2749608808008794,-1.2651172784942262,-2.582866256633209,-2.3525115067341917,1.1885268645445195,-1.5046599881155966,-1.3420175263519492,-2.571101886694042,-0.1498182032172377
2016-03,1.9737391304347824,14.456486299710868,-7.082604188060025,1.2426554729645456,-1.353786925625552,24.57988498336525,20.327703441730694,21.267370478974254,22.078227625927678,19.979108785214063,16.034389739301183,19.893922278347915,20.002171303069208,18.90967904896503,17.22595023707077,17.11302494012065,22.045326456141368,20.048552783935254,19.93989086239161,17.7482658091806,16.425681672225974,20.632476966792726,21.201206208215865,20.731269407415112,17.821269549691852,15.393053056809372,17.004317033918813,12.997429196688701,14.511090912338272,13.471425917902911,11.893594405268432
2016-04,2.0089150000000005,-3.869024341971705,-2.2562503266112266,-2.590804781173996,-0.06579954014115907,16.980521149070903,2.7013822060396633,4.173518671314373,2.0570816456970897,2.3145723937154807,1.2036023113737073,2.463644121632424,3.957080930430769,0.1839956023547436,2.591005357670519,-1.814067178591581,-1.1480762454426063,2.4915666930858342,-0.3730371017057531,-0.7575611559883559,-0.1871238899345727,-1.3274103908143775,-2.1196392453535,5.889906575088241,-1.1056024693797288,-1.2069499379921953,-1.536731740754638,-3.2200355374953613,-2.0063127815507187,-3.616837952946305,-0.9914197844810306
2016-05,2.0032999999999994,-2.4667160645049506,-3.2985683100266265,-1.05599328780509,-0.7670639840314426,13.959065251072122,-4.5043788661380715,-1.4403917200295417,-3.1734545745606915,-3.6372509066242475,-6.345697474141474,2.202425106757735,-0.8430526342201736,-1.186604308672945,-3.4649166976850085,-2.9863564037489976,1.68015338934318,2.22330357464249,1.7577764883285663,-0.5062511028770916,-2.4550211589221624,-1.1648341122288364,1.7263274959664057,1.1976374865433865,0.7216737040980985,-0.4026002981545733,0.9938080918015801,2.96071762216405,2.3198369423978886,0.6152490210231891,0.08881350924353593
2016-06,2.014499999999999,1.4554851044972095,-7.677868464374796,1.568410825816172,0.7105962177075296,19.925015368319734,8.63524354150922,5.933872096434162,5.715083277008769,3.9363028735873353,4.749325495544512,13.956585978447247,7.45167017547097,5.809972775625497,5.451659797889677,6.96714517739745,9.26287750997279,10.093465069587912,7.5226397821979285,6.847599663947521,3.3096264040096117,15.183576008668975,7.689397231002508,5.929141716957692,6.38438756131776,3.617317770700028,6.987270341779529,3.9035470342114578,2.157673545928516,5.462919696766479,0.48816150442640655
2016-07,2.0094761904761897,-1.482598340125552,0.04584907229294766,-3.5943320829390943,-0.4715827527237211,18.676746314552755,-0.8793953259018433,-1.8851430893464396,-2.755599823890607,1.4717328466242552,-0.8592773840311086,4.968962255119351,-2.747830769597713,-1.353645521748661,-0.7880699018839401,-1.7483412418121846,9.981624571836543,1.5273417048915028,1.0357442732109678,-1.4037875123663799,-0.7374021600449965,0.13409883047789992,-2.5810713184417824,-0.2592942023978874,1.7263462500022801,0.6393656839483324,0.36240662646736294,2.793549968591889,3.1829362591044075,4.201471970925043,3.913692613199122
2016-08,2.0251999999999994,2.700605742378309,-5.760415200956704,0.45465521846213397,1.9751660966739801,18.38752883723068,6.817342633541202,4.809648327986598,6.228568737378149,5.757071135922869,5.490321239596023,13.257153656520611,4.438745295007945,4.340363217055843,5.454053462119309,5.596311172710599,12.17530667205261,4.591191805596603,5.979459692131288,4.636915128687365,4.25942656037423,15.194284872400914,4.88460757283264,2.8951572087165216,6.304416091392337,4.252571615554924,11.672303249451625,3.5292571130878385,3.1254684138528264,9.032121059399516,4.505060269228902
2016-09,2.1347049999999994,-3.869447130885069,-3.3928749716874997,-2.3852764365542543,-1.9679205487653626,13.63137321344188,8.700077606508007,1.7633224711867477,2.04837639804306,-0.04929980330345933,0.20680676518939523,0.2799326026315546,1.2333380149137654,3.4861278604419113,-0.20243190658797477,0.3713262133335052,-1.3500990754706546,-0.593463853613237,-0.0710252929834001,-1.7732355511145845,-0.9836258491944398,-2.9793677652550463,-1.8928512790064604,-2.863765466142799,-1.4639895250745367,-2.972345057541743,-1.5324139430084511,-1.478568469449053,-1.5622261725927862,-1.8802420214389282,-2.239783423950014
2016-10,2.2003125000000003,0.954116345257273,-4.598046832233338,-1.9003475106876153,-2.954015206321404,12.523862278122667,8.399662802941712,6.168446898259352,3.0752836393276035,3.0346020539494836,3.820032028229656,8.796462460487994,12.68392194153435,4.113981970461328,2.9455840430225066,4.8908591567532005,8.595921022913917,4.89477787352415,3.6948002784012735,4.935191348986988,3.11736801752169,4.717922686269051,4.034706410183933,5.6908696359438515,3.553279881434704,2.4652492175375773,4.637490143831326,2.0062581561571693,4.415823464542025,3.4876771588345177,3.296117209187252
2016-11,2.251236363636364,1.68969514893548,-1.7548454970482075,-3.296123257260489,-1.207011048382939,16.51597319652368,17.789503150903897,2.5788001152292948,5.085597840314183,3.082850260431223,2.2652442639154455,11.469400335777962,7.5526569103131616,3.4415316550355786,2.830605670943437,2.3045725943265634,6.125760214947067,2.0976626024418197,2.2351684096423177,2.8656694044419084,5.840636470057897,2.075701805714521,1.065550263038703,2.2982470733002263,2.499521020675888,3.131724692336015,8.990106291318812,1.4434102737383148,5.474652581813102,7.751205269460355,7.148167604117884
2016-12,2.3002863636363635,-7.659863253833236,-3.4003383454057556,-2.7255997319498215,-3.1367462555040455,17.042508982695608,3.7650559290928993,0.36609437485023233,-3.95343026199167,-1.6236834160245543,-3.4036584752770858,-2.6132035817137007,-5.900185333456006,-7.0257138640789965,-3.6512112370804024,-3.880772437235236,-1.930602360745326,-3.6092542283880964,-4.709577237261942,-3.433560723827514,-3.750117492331876,-3.6394814253972787,-5.913312644862145,-2.9721651031037264,-5.091613498176686,-4.583175446251722,-4.617445265384191,-5.132688789918763,-3.953401818390774,-5.853447754306534,-4.990603004563108
2017-01,2.2013111111111114,-2.454409296600054,1.1226438490750477,-3.936410310672063,-3.0365900094442995,14.629154017188208,1.7711380267905876,-0.1299395893306767,-5.132052251707054,-4.8281089771635655,1.12221167672685,-0.26455750627270774,-1.4777968930748426,-2.6730831243968014,-2.9308132066976036,-3.3775113191158725,-2.1370189019515107,-2.3304630786735703,-3.737983265117487,-2.1640628608420616,-2.1189515858269634,-3.972996552145097,-2.0235711819211,-1.9924920252548326,-1.7669768497053266,-0.4261894658790569,1.712605854730829,-0.37968878344685325,1.758686688478564,2.5251129051375703,4.485827491316927
2017-02,2.3545944444444444,0.803340886375894,-9.584038129453813,-0.9605159445667413,2.793088414558083,14.192741850124545,15.729794135166426,10.33244827367595,5.856384829529741,2.676825486731267,4.854945889123709,13.207220632219197,7.570527608475812,5.150883112717062,4.00250880164146,3.640204063654059,10.090255050587809,6.0894632007866125,5.483111375692733,5.003072921919313,3.269156516110185,4.509429461030909,5.015077918999576,4.518172757071292,3.5481811267781733,4.341617971654006,12.896577826733791,7.031071089862247,3.559489873394248,3.041120178326443,1.99904664012699
2017-03,2.4892043478260875,-3.0714367063941896,-5.443571044232403,-2.282709369198362,3.5870185083207375,15.536727916166088,5.144257745240021,-3.4913456081032304,-5.776737274933392,-2.6596327326676885,-6.366071316692167,3.540016750184151,-1.696862840506984,-1.263683728068075,-2.8469451440180618,-3.1749128931085915,-1.4109358646049994,0.8355567832520601,0.1252565596495468,-0.32296024029264253,-2.299414631847121,11.438699601898927,-1.1441454698350417,-1.8785390917442992,-0.9169529153522276,-1.472682112380599,2.129746195953271,4.246496127570674,2.8455226293365397,0.35166863617153715,0.008329871796150022
2017-04,2.564283333333333,-5.501159965196372,-2.252584452576685,-1.6633416483428265,2.333011391018421,17.43022508961392,-6.29672703009026,-10.611981687668596,-6.263103815073409,-9.885513041277166,-11.617488784627513,-4.754878882787821,-7.690004047402631,-7.559094216584921,-7.580995815810381,-8.738873898730798,1.4656487204902158,-3.9041146675081997,-4.1059168971932785,-6.3939591443963195,-7.118344477170338,-4.147974273413378,-2.7276425067181718,-3.533813274894674,-3.1154549104798073,-5.230251684098231,3.7368491488935183,-0.3978975776368856,-0.5152310265150536,1.3897935023173107,-0.22375440989074866
2017-05,2.7459299999999995,-5.584579264134152,0.30527531172303135,-6.091302097272072,-1.042083226860158,18.40129729436954,-4.668935721422946,-10.200337095215035,-10.039827178672686,-11.368830371382602,-10.747401923196087,-5.518951266567287,-7.245589548746539,-8.021788978514122,-8.206197072265248,-8.759729611486817,-4.126157435720257,-6.4812911877642385,-5.651805899828756,-6.01370110318088,-8.603495044951357,-5.298115551724059,-6.713435195930709,-6.093151880119677,-6.502796572610116,-6.815066749625856,-2.7472842390470342,-0.06061678095028543,0.33271364662513364,-1.6088678952667563,1.9955881671235849
2017-06,2.7774181818181827,2.0251031874122676,-5.033640434456526,-1.5815983569051064,0.8348016459919201,12.056675381270267,4.3816238376214445,2.406522968404575,3.5691400088002903,3.2550651224360463,4.040891099842286,4.848201306046506,4.453000194288548,2.6045372710337484,4.275944178156375,2.0305013722371554,3.6782362746214763,4.966904243854308,3.4560719190043794,2.9773852030825054,3.394339813210602,4.745743781353654,5.222812284690279,4.0150106608798035,4.66245083468246,4.843924140284804,7.661783707604446,8.998776137127237,4.237278338065333,3.2988775248451048,3.748817163342829
2017-07,2.679628571428571,-1.0658061573601931,-0.8040893502824353,-4.043979546190864,-4.759289356481781,17.91073445338738,-5.687691185695701,-5.711888052076457,-6.791604444781101,-6.724096337624751,-2.7643547961544668,-0.9523149470203252,-0.22052153784513243,-1.8403733965613962,-1.2916420848029126,-2.8332943985954144,3.5382568651290027,-1.367950813886566,0.25098906625996564,1.0883892645856803,-0.7431909226508113,1.5920098803729448,3.60034066827362,1.3692046016325976,1.8884741604555928,3.9605010328225516,3.870362817635714,3.7670435450179047,4.97937788938904,5.575661978425258,4.267617538322145
2017-08,2.821026086956522,0.22914695073340718,-7.740166681154765,0.09740713694497183,-0.06510215888137605,14.754931683514211,9.2594286817779,6.753942543353918,6.259748553407088,3.5169883027753324,4.292410604145526,11.655807584221735,5.7953370638320365,6.27728233602779,3.89744391216641,2.3009530447720694,11.99444018646084,8.928290012765315,2.4237249499227524,3.1174624292958186,3.3669086139230617,9.606382541518284,4.291693769708124,4.643343430649641,4.020482903154741,1.513613042068915,7.616281650949279,6.256628452289091,3.157898385747172,5.070448357081782,2.1821043971677287
2017-09,2.7420666666666667,-1.4630004894817934,-7.462559232218096,-0.5893779663902503,3.589532653472944,15.92057608538611,4.462599004867007,0.735468472082308,0.3157055163097062,0.9233800180697016,-0.4695860395268077,14.627410497401232,2.523588535927,2.1321375479837346,2.406903378079287,-0.31991821437653684,2.6020099505829917,4.696344286651194,3.510780011578533,1.9718778366540164,0.5371366610490355,5.545617922406922,3.527791254229133,2.036597770237301,1.3921790045206803,0.1731368862501522,7.400214514948316,2.1518040010867785,1.9207504669597184,1.8484856017156823,0.0780593478554898
2017-10,2.6601941176470585,-1.5545226457469759,-4.8635438460769755,-2.98750874692089,3.2007593788442343,15.907652455503573,-0.539790592229578,-2.1597381027552807,-1.6225784546889164,-4.542610786989738,-4.498066384002148,0.5046565398723805,-1.1930580302418126,-3.241789890780316,-2.703421160029345,-1.0933487524557703,4.85383332043911,-1.1686207354700895,-0.9652052823297139,-2.483469100975655,-2.035611434888702,-0.818963916026446,-0.6973830199409803,-1.2919304291944593,-0.7665160730726236,-2.2595928764731696,7.166717146773697,6.681979158031659,1.3594049876035799,4.988920351844474,2.198249450081334
2017-11,2.727918181818181,-5.679392805249597,-0.9554310512432185,-4.1762534874464725,-2.4082143711649104,15.640107412779747,-8.108237001887137,-10.294106512309325,-10.528780785158494,-10.274679772408755,-10.203714339345376,-3.3988706926936936,-4.7013074477619385,-8.786007845110143,-6.448775639092109,-9.294418216254648,-5.656806990963264,-7.045887046677066,-6.7020342248661,-6.347421909916728,-7.94932910489694,-5.094899427096844,-3.4298330590012958,-3.7541223174349274,-2.922926416762878,-3.4175138840574433,-1.5944630756683507,-1.623337676683624,-1.321488035264443,-0.45384524362402884,0.31906241319666695
2017-12,2.672523809523809,-2.9418484542227628,-4.328477242397807,-3.4919292862294817,-0.5369755491382637,13.109638917090354,-1.536794445907414,-3.663724623156152,-3.794020992623598,-4.1975687427310975,-3.7123750668763074,2.6235435633103332,-2.1902072324261326,-2.117145879706518,-4.3337601829443555,-3.4736208806128275,0.24447963410010243,-0.9731350564705964,-2.718041916745355,-2.1754093870974507,-3.3064623641610216,-0.10961950220114229,0.5424476597167659,0.09767521846482122,-1.1271180848705924,-1.0150606937534108,3.0387580201158495,3.2289458716343895,3.453011149476873,2.5277690758395384,0.6819246172734208
