Date,60-day
18/6/2014, 0.2456 
17/6/2014, 0.2495 
16/6/2014, 0.2477 
13/6/2014, 0.2520 
12/6/2014, 0.2493 
11/6/2014, 0.2464 
10/6/2014, 0.2485 
9/6/2014, 0.2511 
6/6/2014, 0.2544 
5/6/2014, 0.2530 
4/6/2014, 0.2589 
3/6/2014, 0.2579 
2/6/2014, 0.2599 
30/5/2014, 0.2611 
29/5/2014, 0.2594 
28/5/2014, 0.2567 
27/5/2014, 0.2565 
26/5/2014, 0.2676 
23/5/2014, 0.2669 
22/5/2014, 0.2648 
21/5/2014, 0.2644 
20/5/2014, 0.2610 
19/5/2014, 0.2552 
16/5/2014, 0.2543 
15/5/2014, 0.2525 
14/5/2014, 0.2500 
13/5/2014, 0.2482 
12/5/2014, 0.2468 
9/5/2014, 0.2408 
8/5/2014, 0.2420 
7/5/2014, 0.2450 
6/5/2014, 0.2452 
5/5/2014, 0.2452 
2/5/2014, 0.2448 
1/5/2014, 0.2498 
30/4/2014, 0.2577 
29/4/2014, 0.2578 
28/4/2014, 0.2620 
25/4/2014, 0.3114 
24/4/2014, 0.3060 
23/4/2014, 0.3114 
22/4/2014, 0.3177 
21/4/2014, 0.3196 
18/4/2014, 0.3206 
17/4/2014, 0.3430 
16/4/2014, 0.3462 
15/4/2014, 0.3400 
14/4/2014, 0.3375 
11/4/2014, 0.3383 
10/4/2014, 0.3315 
9/4/2014, 0.3112 
8/4/2014, 0.3079 
7/4/2014, 0.3126 
4/4/2014, 0.3129 
3/4/2014, 0.3067 
2/4/2014, 0.3061 
1/4/2014, 0.3046 
31/3/2014, 0.3046 
28/3/2014, 0.2991 
27/3/2014, 0.2981 
26/3/2014, 0.3045 
25/3/2014, 0.3049 
24/3/2014, 0.3069 
21/3/2014, 0.3051 
20/3/2014, 0.3090 
19/3/2014, 0.3126 
18/3/2014, 0.3120 
17/3/2014, 0.3101 
14/3/2014, 0.3101 
13/3/2014, 0.3095 
12/3/2014, 0.3100 
11/3/2014, 0.3096 
10/3/2014, 0.3082 
7/3/2014, 0.3060 
6/3/2014, 0.3074 
5/3/2014, 0.3208 
4/3/2014, 0.3213 
3/3/2014, 0.3106 
28/2/2014, 0.3104 
27/2/2014, 0.3125 
26/2/2014, 0.3122 
25/2/2014, 0.3158 
24/2/2014, 0.3166 
21/2/2014, 0.3188 
20/2/2014, 0.3231 
19/2/2014, 0.3218 
18/2/2014, 0.3210 
17/2/2014, 0.3219 
14/2/2014, 0.3181 
13/2/2014, 0.3232 
12/2/2014, 0.3234 
11/2/2014, 0.3274 
10/2/2014, 0.3261 
7/2/2014, 0.3277 
6/2/2014, 0.3250 
5/2/2014, 0.3248 
4/2/2014, 0.3259 
3/2/2014, 0.3246 
31/1/2014, 0.2800 
30/1/2014, 0.2977 
29/1/2014, 0.2901 
28/1/2014, 0.2841 
27/1/2014, 0.2815 
24/1/2014, 0.2776 
23/1/2014, 0.2373 
22/1/2014, 0.2346 
21/1/2014, 0.2337 
20/1/2014, 0.2338 
17/1/2014, 0.2284 
16/1/2014, 0.2220 
15/1/2014, 0.2213 
14/1/2014, 0.2221 
13/1/2014, 0.2131 
10/1/2014, 0.1985 
9/1/2014, 0.2008 
8/1/2014, 0.2130 
7/1/2014, 0.2217 
6/1/2014, 0.2205 
3/1/2014, 0.2218 
2/1/2014, 0.2527 
31/12/2013, 0.2448 
30/12/2013, 0.2596 
27/12/2013, 0.2670 
26/12/2013, 0.2685 
25/12/2013, 0.2740 
24/12/2013, 0.2710 
23/12/2013, 0.2744 
20/12/2013, 0.2753 
19/12/2013, 0.2751 
18/12/2013, 0.2764 
17/12/2013, 0.2668 
16/12/2013, 0.2671 
13/12/2013, 0.2667 
12/12/2013, 0.2717 
11/12/2013, 0.2709 
10/12/2013, 0.2605 
9/12/2013, 0.2613 
6/12/2013, 0.2634 
5/12/2013, 0.2604 
4/12/2013, 0.2623 
3/12/2013, 0.2629 
2/12/2013, 0.2645 
29/11/2013, 0.2722 
28/11/2013, 0.2696 
27/11/2013, 0.2664 
26/11/2013, 0.2690 
25/11/2013, 0.2684 
22/11/2013, 0.2705 
21/11/2013, 0.2763 
20/11/2013, 0.2732 
19/11/2013, 0.2715 
18/11/2013, 0.2923 
15/11/2013, 0.2895 
14/11/2013, 0.2895 
13/11/2013, 0.2940 
12/11/2013, 0.2939 
11/11/2013, 0.2976 
8/11/2013, 0.3024 
7/11/2013, 0.2996 
6/11/2013, 0.3023 
5/11/2013, 0.3070 
4/11/2013, 0.3063 
1/11/2013, 0.3055 
31/10/2013, 0.3077 
30/10/2013, 0.3120 
29/10/2013, 0.3120 
28/10/2013, 0.3166 
25/10/2013, 0.3183 
24/10/2013, 0.3175 
23/10/2013, 0.3338 
22/10/2013, 0.3347 
21/10/2013, 0.3321 
18/10/2013, 0.3334 
17/10/2013, 0.3316 
16/10/2013, 0.3253 
15/10/2013, 0.3175 
14/10/2013, 0.3102 
11/10/2013, 0.3091 
10/10/2013, 0.3038 
9/10/2013, 0.2729 
8/10/2013, 0.2740 
7/10/2013, 0.2648 
4/10/2013, 0.2570 
3/10/2013, 0.2527 
2/10/2013, 0.2563 
1/10/2013, 0.2550 
30/9/2013, 0.2512 
27/9/2013, 0.2498 
26/9/2013, 0.2538 
25/9/2013, 0.2558 
24/9/2013, 0.2572 
23/9/2013, 0.2569 
20/9/2013, 0.2563 
19/9/2013, 0.2499 
18/9/2013, 0.2551 
17/9/2013, 0.2551 
16/9/2013, 0.2605 
13/9/2013, 0.2677 
12/9/2013, 0.2641 
11/9/2013, 0.3080 
10/9/2013, 0.3212 
9/9/2013, 0.3228 
6/9/2013, 0.3171 
5/9/2013, 0.3183 
4/9/2013, 0.3329 
3/9/2013, 0.3343 
2/9/2013, 0.3428 
30/8/2013, 0.3397 
29/8/2013, 0.3421 
28/8/2013, 0.3457 
27/8/2013, 0.3552 
26/8/2013, 0.3405 
23/8/2013, 0.3388 
22/8/2013, 0.3449 
21/8/2013, 0.3393 
20/8/2013, 0.3391 
19/8/2013, 0.3355 
16/8/2013, 0.3350 
15/8/2013, 0.3347 
14/8/2013, 0.3211 
13/8/2013, 0.3296 
12/8/2013, 0.3299 
9/8/2013, 0.3287 
8/8/2013, 0.3335 
7/8/2013, 0.3347 
6/8/2013, 0.3340 
5/8/2013, 0.3384 
2/8/2013, 0.3383 
1/8/2013, 0.3408 
31/7/2013, 0.3332 
30/7/2013, 0.3348 
29/7/2013, 0.3399 
26/7/2013, 0.3379 
25/7/2013, 0.3443 
24/7/2013, 0.3501 
23/7/2013, 0.3555 
22/7/2013, 0.3559 
19/7/2013, 0.3563 
18/7/2013, 0.3552 
17/7/2013, 0.3496 
16/7/2013, 0.3443 
15/7/2013, 0.3440 
12/7/2013, 0.3445 
11/7/2013, 0.3443 
10/7/2013, 0.3399 
9/7/2013, 0.3535 
8/7/2013, 0.3609 
5/7/2013, 0.3992 
4/7/2013, 0.3944 
3/7/2013, 0.3913 
2/7/2013, 0.3956 
1/7/2013, 0.3968 
28/6/2013, 0.3997 
27/6/2013, 0.3997 
26/6/2013, 0.3964 
25/6/2013, 0.3999 
24/6/2013, 0.3922 
21/6/2013, 0.3912 
20/6/2013, 0.3970 
19/6/2013, 0.3693 
18/6/2013, 0.3598 
17/6/2013, 0.3598 
14/6/2013, 0.3597 
13/6/2013, 0.3593 
12/6/2013, 0.3500 
11/6/2013, 0.3485 
10/6/2013, 0.3411 
7/6/2013, 0.3438 
6/6/2013, 0.3378 
5/6/2013, 0.3354 
4/6/2013, 0.3243 
3/6/2013, 0.3231 
31/5/2013, 0.3242 
30/5/2013, 0.3178 
29/5/2013, 0.3179 
28/5/2013, 0.3135 
27/5/2013, 0.3197 
24/5/2013, 0.3163 
23/5/2013, 0.3143 
22/5/2013, 0.3157 
21/5/2013, 0.3097 
20/5/2013, 0.3100 
17/5/2013, 0.3340 
16/5/2013, 0.3328 
15/5/2013, 0.3350 
14/5/2013, 0.3464 
13/5/2013, 0.3418 
10/5/2013, 0.3442 
9/5/2013, 0.3420 
8/5/2013, 0.3394 
7/5/2013, 0.3399 
6/5/2013, 0.3369 
3/5/2013, 0.3391 
2/5/2013, 0.3368 
1/5/2013, 0.3340 
30/4/2013, 0.3271 
29/4/2013, 0.3306 
26/4/2013, 0.3367 
25/4/2013, 0.3406 
24/4/2013, 0.3407 
23/4/2013, 0.3465 
22/4/2013, 0.3403 
19/4/2013, 0.3401 
18/4/2013, 0.3386 
17/4/2013, 0.3368 
16/4/2013, 0.3211 
15/4/2013, 0.3109 
12/4/2013, 0.2550 
11/4/2013, 0.2547 
10/4/2013, 0.2570 
9/4/2013, 0.2500 
8/4/2013, 0.2508 
5/4/2013, 0.2468 
4/4/2013, 0.2466 
3/4/2013, 0.2463 
2/4/2013, 0.2322 
1/4/2013, 0.2348 
29/3/2013, 0.2299 
28/3/2013, 0.2298 
27/3/2013, 0.2266 
26/3/2013, 0.2609 
25/3/2013, 0.2754 
22/3/2013, 0.2836 
21/3/2013, 0.2842 
20/3/2013, 0.2839 
19/3/2013, 0.2846 
18/3/2013, 0.2859 
15/3/2013, 0.2893 
14/3/2013, 0.2894 
13/3/2013, 0.2882 
12/3/2013, 0.2943 
11/3/2013, 0.2970 
8/3/2013, 0.2973 
7/3/2013, 0.3001 
6/3/2013, 0.3008 
5/3/2013, 0.3009 
4/3/2013, 0.2945 
1/3/2013, 0.2956 
28/2/2013, 0.2957 
27/2/2013, 0.2920 
26/2/2013, 0.2817 
25/2/2013, 0.2830 
22/2/2013, 0.2549 
21/2/2013, 0.2518 
20/2/2013, 0.2463 
19/2/2013, 0.2282 
18/2/2013, 0.2277 
15/2/2013, 0.2339 
14/2/2013, 0.2374 
13/2/2013, 0.2410 
12/2/2013, 0.2413 
11/2/2013, 0.2585 
8/2/2013, 0.2572 
7/2/2013, 0.2574 
6/2/2013, 0.2827 
5/2/2013, 0.2852 
4/2/2013, 0.2826 
1/2/2013, 0.2714 
31/1/2013, 0.2814 
30/1/2013, 0.3151 
29/1/2013, 0.3154 
28/1/2013, 0.3150 
25/1/2013, 0.3178 
24/1/2013, 0.3234 
23/1/2013, 0.3211 
22/1/2013, 0.3254 
21/1/2013, 0.3278 
18/1/2013, 0.3193 
17/1/2013, 0.3127 
16/1/2013, 0.3076 
15/1/2013, 0.3105 
14/1/2013, 0.3096 
11/1/2013, 0.3199 
10/1/2013, 0.3161 
9/1/2013, 0.3141 
8/1/2013, 0.3168 
7/1/2013, 0.3189 
4/1/2013, 0.3203 
3/1/2013, 0.3177 
2/1/2013, 0.3198 
31/12/2012, 0.2965 
28/12/2012, 0.2805 
27/12/2012, 0.2745 
26/12/2012, 0.2767 
25/12/2012, 0.2712 
24/12/2012, 0.2689 
21/12/2012, 0.2658 
20/12/2012, 0.2614 
19/12/2012, 0.2653 
18/12/2012, 0.2673 
17/12/2012, 0.2709 
14/12/2012, 0.2639 
13/12/2012, 0.2635 
12/12/2012, 0.2600 
11/12/2012, 0.2602 
10/12/2012, 0.2603 
7/12/2012, 0.2633 
6/12/2012, 0.2634 
5/12/2012, 0.2720 
4/12/2012, 0.2747 
3/12/2012, 0.2757 
30/11/2012, 0.2760 
29/11/2012, 0.2749 
28/11/2012, 0.2934 
27/11/2012, 0.2913 
26/11/2012, 0.2904 
23/11/2012, 0.2934 
22/11/2012, 0.2874 
21/11/2012, 0.2882 
20/11/2012, 0.2881 
19/11/2012, 0.2896 
16/11/2012, 0.2740 
15/11/2012, 0.2734 
14/11/2012, 0.2774 
13/11/2012, 0.2633 
12/11/2012, 0.2626 
9/11/2012, 0.2634 
8/11/2012, 0.2649 
7/11/2012, 0.2586 
6/11/2012, 0.2341 
5/11/2012, 0.2306 
2/11/2012, 0.2336 
1/11/2012, 0.2288 
31/10/2012, 0.2156 
30/10/2012, 0.2170 
29/10/2012, 0.2146 
26/10/2012, 0.2116 
25/10/2012, 0.2375 
24/10/2012, 0.2420 
23/10/2012, 0.2431 
22/10/2012, 0.2384 
19/10/2012, 0.2364 
18/10/2012, 0.2419 
17/10/2012, 0.2484 
16/10/2012, 0.2444 
15/10/2012, 0.2488 
12/10/2012, 0.2555 
11/10/2012, 0.2603 
10/10/2012, 0.2549 
9/10/2012, 0.2503 
8/10/2012, 0.2446 
5/10/2012, 0.2450 
4/10/2012, 0.2573 
3/10/2012, 0.2544 
2/10/2012, 0.2544 
1/10/2012, 0.2604 
28/9/2012, 0.2632 
27/9/2012, 0.2670 
26/9/2012, 0.2631 
25/9/2012, 0.2634 
24/9/2012, 0.2551 
21/9/2012, 0.2545 
20/9/2012, 0.2875 
19/9/2012, 0.2858 
18/9/2012, 0.2884 
17/9/2012, 0.2873 
14/9/2012, 0.3002 
13/9/2012, 0.3012 
12/9/2012, 0.3253 
11/9/2012, 0.3248 
10/9/2012, 0.3280 
7/9/2012, 0.3258 
6/9/2012, 0.3305 
5/9/2012, 0.3172 
4/9/2012, 0.3222 
3/9/2012, 0.3272 
31/8/2012, 0.3368 
30/8/2012, 0.3365 
29/8/2012, 0.3336 
28/8/2012, 0.3533 
27/8/2012, 0.3547 
24/8/2012, 0.3538 
23/8/2012, 0.3823 
22/8/2012, 0.3797 
21/8/2012, 0.3930 
20/8/2012, 0.3982 
17/8/2012, 0.4010 
16/8/2012, 0.4014 
15/8/2012, 0.3989 
14/8/2012, 0.3973 
13/8/2012, 0.3968 
10/8/2012, 0.4052 
9/8/2012, 0.4097 
8/8/2012, 0.4259 
7/8/2012, 0.4285 
6/8/2012, 0.4323 
3/8/2012, 0.4378 
2/8/2012, 0.4294 
1/8/2012, 0.4319 
31/7/2012, 0.4340 
30/7/2012, 0.4342 
27/7/2012, 0.4361 
26/7/2012, 0.4308 
25/7/2012, 0.4310 
24/7/2012, 0.4335 
23/7/2012, 0.4321 
20/7/2012, 0.4275 
19/7/2012, 0.4231 
18/7/2012, 0.4259 
17/7/2012, 0.4343 
16/7/2012, 0.4314 
13/7/2012, 0.4350 
12/7/2012, 0.4236 
11/7/2012, 0.4219 
10/7/2012, 0.4227 
9/7/2012, 0.4292 
6/7/2012, 0.4269 
5/7/2012, 0.4283 
4/7/2012, 0.4353 
3/7/2012, 0.4354 
2/7/2012, 0.4485 
29/6/2012, 0.4556 
28/6/2012, 0.4408 
27/6/2012, 0.4430 
26/6/2012, 0.4444 
25/6/2012, 0.4429 
22/6/2012, 0.4364 
21/6/2012, 0.4357 
20/6/2012, 0.4165 
19/6/2012, 0.4176 
18/6/2012, 0.4144 
15/6/2012, 0.4227 
14/6/2012, 0.4209 
13/6/2012, 0.4182 
12/6/2012, 0.4156 
11/6/2012, 0.4115 
8/6/2012, 0.4038 
7/6/2012, 0.4004 
6/6/2012, 0.4018 
5/6/2012, 0.3749 
4/6/2012, 0.3839 
1/6/2012, 0.3851 
31/5/2012, 0.3595 
30/5/2012, 0.3662 
29/5/2012, 0.3551 
28/5/2012, 0.3612 
25/5/2012, 0.3571 
24/5/2012, 0.3578 
23/5/2012, 0.3611 
22/5/2012, 0.3616 
21/5/2012, 0.3608 
18/5/2012, 0.3443 
17/5/2012, 0.3397 
16/5/2012, 0.3200 
15/5/2012, 0.3192 
14/5/2012, 0.3175 
11/5/2012, 0.3140 
10/5/2012, 0.3131 
9/5/2012, 0.3217 
8/5/2012, 0.3204 
7/5/2012, 0.3201 
4/5/2012, 0.3222 
3/5/2012, 0.3162 
2/5/2012, 0.3121 
1/5/2012, 0.3121 
30/4/2012, 0.3102 
27/4/2012, 0.3099 
26/4/2012, 0.3206 
25/4/2012, 0.3196 
24/4/2012, 0.3193 
23/4/2012, 0.3222 
20/4/2012, 0.3166 
19/4/2012, 0.3155 
18/4/2012, 0.3135 
17/4/2012, 0.3136 
16/4/2012, 0.2997 
13/4/2012, 0.3001 
12/4/2012, 0.2899 
11/4/2012, 0.2750 
10/4/2012, 0.2747 
9/4/2012, 0.2444 
6/4/2012, 0.2335 
5/4/2012, 0.2336 
4/4/2012, 0.2320 
3/4/2012, 0.2193 
2/4/2012, 0.2235 
30/3/2012, 0.2214 
29/3/2012, 0.2208 
28/3/2012, 0.2202 
27/3/2012, 0.2166 
26/3/2012, 0.2149 
23/3/2012, 0.2079 
22/3/2012, 0.2109 
21/3/2012, 0.2117 
20/3/2012, 0.2300 
19/3/2012, 0.2269 
16/3/2012, 0.2286 
15/3/2012, 0.2314 
14/3/2012, 0.2330 
13/3/2012, 0.2269 
12/3/2012, 0.2649 
9/3/2012, 0.2794 
8/3/2012, 0.2769 
7/3/2012, 0.2718 
6/3/2012, 0.2779 
5/3/2012, 0.2686 
2/3/2012, 0.2821 
1/3/2012, 0.2946 
29/2/2012, 0.3246 
28/2/2012, 0.3236 
27/2/2012, 0.3243 
24/2/2012, 0.3269 
23/2/2012, 0.3244 
22/2/2012, 0.3248 
21/2/2012, 0.3906 
20/2/2012, 0.3889 
17/2/2012, 0.4107 
16/2/2012, 0.4123 
15/2/2012, 0.4146 
14/2/2012, 0.4377 
13/2/2012, 0.4390 
10/2/2012, 0.4506 
9/2/2012, 0.4472 
8/2/2012, 0.4583 
7/2/2012, 0.4675 
6/2/2012, 0.4692 
3/2/2012, 0.4737 
2/2/2012, 0.4805 
1/2/2012, 0.4846 
31/1/2012, 0.5191 
30/1/2012, 0.5204 
27/1/2012, 0.5186 
26/1/2012, 0.5187 
25/1/2012, 0.5265 
24/1/2012, 0.5309 
23/1/2012, 0.5505 
20/1/2012, 0.5621 
19/1/2012, 0.5569 
18/1/2012, 0.5749 
17/1/2012, 0.5704 
16/1/2012, 0.5785 
13/1/2012, 0.5778 
12/1/2012, 0.5812 
11/1/2012, 0.5799 
10/1/2012, 0.5821 
9/1/2012, 0.5846 
6/1/2012, 0.5923 
5/1/2012, 0.5948 
4/1/2012, 0.5928 
3/1/2012, 0.5937 
2/1/2012, 0.5963 
30/12/2011, 0.6073 
29/12/2011, 0.6043 
28/12/2011, 0.6046 
27/12/2011, 0.5988 
26/12/2011, 0.5994 
23/12/2011, 0.6148 
22/12/2011, 0.6193 
21/12/2011, 0.6149 
20/12/2011, 0.6261 
19/12/2011, 0.6180 
16/12/2011, 0.6170 
15/12/2011, 0.6148 
14/12/2011, 0.6249 
13/12/2011, 0.6318 
12/12/2011, 0.6293 
9/12/2011, 0.6277 
8/12/2011, 0.6224 
7/12/2011, 0.6176 
6/12/2011, 0.6193 
5/12/2011, 0.6204 
2/12/2011, 0.6196 
1/12/2011, 0.6290 
30/11/2011, 0.6309 
29/11/2011, 0.6260 
28/11/2011, 0.6271 
25/11/2011, 0.6212 
24/11/2011, 0.6290 
23/11/2011, 0.6276 
22/11/2011, 0.6219 
21/11/2011, 0.6219 
18/11/2011, 0.6308 
17/11/2011, 0.6346 
16/11/2011, 0.6347 
15/11/2011, 0.6323 
14/11/2011, 0.6409 
11/11/2011, 0.6383 
10/11/2011, 0.6360 
9/11/2011, 0.6547 
8/11/2011, 0.6418 
7/11/2011, 0.6429 
4/11/2011, 0.6463 
3/11/2011, 0.6447 
2/11/2011, 0.6601 
1/11/2011, 0.6674 
31/10/2011, 0.6730 
28/10/2011, 0.7045 
27/10/2011, 0.7040 
26/10/2011, 0.7163 
25/10/2011, 0.7178 
24/10/2011, 0.7192 
21/10/2011, 0.7189 
20/10/2011, 0.7168 
19/10/2011, 0.7153 
18/10/2011, 0.7173 
17/10/2011, 0.7150 
14/10/2011, 0.7138 
13/10/2011, 0.7113 
12/10/2011, 0.7116 
11/10/2011, 0.7105 
10/10/2011, 0.7128 
7/10/2011, 0.7077 
6/10/2011, 0.7085 
5/10/2011, 0.7071 
4/10/2011, 0.7089 
3/10/2011, 0.7073 
30/9/2011, 0.7045 
29/9/2011, 0.7032 
28/9/2011, 0.7076 
27/9/2011, 0.7048 
26/9/2011, 0.7049 
23/9/2011, 0.7055 
22/9/2011, 0.7099 
21/9/2011, 0.7093 
20/9/2011, 0.7054 
19/9/2011, 0.7089 
16/9/2011, 0.7099 
15/9/2011, 0.7107 
14/9/2011, 0.7085 
13/9/2011, 0.7078 
12/9/2011, 0.7090 
9/9/2011, 0.7107 
8/9/2011, 0.7073 
7/9/2011, 0.7065 
6/9/2011, 0.6997 
5/9/2011, 0.7021 
2/9/2011, 0.6992 
1/9/2011, 0.6952 
31/8/2011, 0.6955 
30/8/2011, 0.6960 
29/8/2011, 0.6973 
26/8/2011, 0.6880 
25/8/2011, 0.6857 
24/8/2011, 0.6837 
23/8/2011, 0.6875 
22/8/2011, 0.6786 
19/8/2011, 0.6822 
18/8/2011, 0.6840 
17/8/2011, 0.6685 
16/8/2011, 0.6695 
15/8/2011, 0.6701 
12/8/2011, 0.6673 
11/8/2011, 0.6706 
10/8/2011, 0.6447 
9/8/2011, 0.6385 
8/8/2011, 0.6051 
5/8/2011, 0.4930 
4/8/2011, 0.5041 
3/8/2011, 0.4228 
2/8/2011, 0.4283 
1/8/2011, 0.4079 
29/7/2011, 0.4097 
28/7/2011, 0.4114 
27/7/2011, 0.4150 
26/7/2011, 0.3969 
25/7/2011, 0.3994 
22/7/2011, 0.3957 
21/7/2011, 0.3966 
20/7/2011, 0.3905 
19/7/2011, 0.3939 
18/7/2011, 0.3827 
15/7/2011, 0.3746 
14/7/2011, 0.3806 
13/7/2011, 0.3738 
12/7/2011, 0.3799 
11/7/2011, 0.3804 
8/7/2011, 0.3661 
7/7/2011, 0.3634 
6/7/2011, 0.3580 
5/7/2011, 0.3579 
4/7/2011, 0.3589 
1/7/2011, 0.3545 
30/6/2011, 0.3424 
29/6/2011, 0.3401 
28/6/2011, 0.3363 
27/6/2011, 0.3262 
24/6/2011, 0.3240 
23/6/2011, 0.3210 
22/6/2011, 0.3227 
21/6/2011, 0.3259 
20/6/2011, 0.3170 
17/6/2011, 0.3145 
16/6/2011, 0.3160 
15/6/2011, 0.3221 
14/6/2011, 0.3059 
13/6/2011, 0.2942 
10/6/2011, 0.3081 
9/6/2011, 0.2949 
8/6/2011, 0.2953 
7/6/2011, 0.3034 
6/6/2011, 0.3078 
3/6/2011, 0.3010 
2/6/2011, 0.2945 
1/6/2011, 0.3150 
31/5/2011, 0.2827 
30/5/2011, 0.2833 
27/5/2011, 0.2866 
26/5/2011, 0.2869 
25/5/2011, 0.3018 
24/5/2011, 0.3013 
23/5/2011, 0.3152 
20/5/2011, 0.3022 
19/5/2011, 0.3124 
18/5/2011, 0.3103 
17/5/2011, 0.3090 
16/5/2011, 0.3337 
13/5/2011, 0.3352 
12/5/2011, 0.3286 
11/5/2011, 0.3264 
10/5/2011, 0.3230 
9/5/2011, 0.3176 
6/5/2011, 0.3153 
5/5/2011, 0.3172 
4/5/2011, 0.3172 
3/5/2011, 0.3153 
2/5/2011, 0.3160 
29/4/2011, 0.3162 
28/4/2011, 0.3174 
27/4/2011, 0.3183 
26/4/2011, 0.3168 
25/4/2011, 0.3227 
22/4/2011, 0.3225 
21/4/2011, 0.3351 
20/4/2011, 0.3332 
19/4/2011, 0.3252 
18/4/2011, 0.3225 
15/4/2011, 0.3152 
14/4/2011, 0.3118 
13/4/2011, 0.3108 
12/4/2011, 0.3195 
11/4/2011, 0.3163 
8/4/2011, 0.3192 
7/4/2011, 0.3164 
6/4/2011, 0.3160 
5/4/2011, 0.3186 
4/4/2011, 0.3194 
1/4/2011, 0.3173 
31/3/2011, 0.3154 
30/3/2011, 0.3132 
29/3/2011, 0.3110 
28/3/2011, 0.3093 
25/3/2011, 0.3118 
24/3/2011, 0.3136 
23/3/2011, 0.3115 
22/3/2011, 0.3133 
21/3/2011, 0.3133 
18/3/2011, 0.3040 
17/3/2011, 0.3065 
16/3/2011, 0.3053 
15/3/2011, 0.2946 
14/3/2011, 0.2909 
11/3/2011, 0.2876 
10/3/2011, 0.2850 
9/3/2011, 0.2667 
8/3/2011, 0.2697 
7/3/2011, 0.2646 
4/3/2011, 0.2586 
3/3/2011, 0.2563 
2/3/2011, 0.2385 
1/3/2011, 0.2376 
28/2/2011, 0.2181 
25/2/2011, 0.2194 
24/2/2011, 0.2054 
23/2/2011, 0.2150 
22/2/2011, 0.2297 
21/2/2011, 0.1965 
18/2/2011, 0.1956 
17/2/2011, 0.2034 
16/2/2011, 0.2067 
15/2/2011, 0.2218 
14/2/2011, 0.2364 
11/2/2011, 0.2368 
10/2/2011, 0.2357 
9/2/2011, 0.2460 
8/2/2011, 0.2468 
7/2/2011, 0.2707 
4/2/2011, 0.2702 
3/2/2011, 0.2848 
2/2/2011, 0.2865 
1/2/2011, 0.2879 
31/1/2011, 0.2841 
28/1/2011, 0.2827 
27/1/2011, 0.2578 
26/1/2011, 0.2751 
25/1/2011, 0.2765 
24/1/2011, 0.2821 
21/1/2011, 0.2801 
20/1/2011, 0.2799 
19/1/2011, 0.2774 
18/1/2011, 0.2624 
17/1/2011, 0.2603 
14/1/2011, 0.2572 
13/1/2011, 0.2542 
12/1/2011, 0.2515 
11/1/2011, 0.2540 
10/1/2011, 0.2718 
7/1/2011, 0.2721 
6/1/2011, 0.2711 
5/1/2011, 0.2745 
4/1/2011, 0.2767 
3/1/2011, 0.2752 
31/12/2010, 0.2710 
30/12/2010, 0.2696 
29/12/2010, 0.2678 
28/12/2010, 0.2669 
27/12/2010, 0.2824 
24/12/2010, 0.2866 
23/12/2010, 0.2837 
22/12/2010, 0.2815 
21/12/2010, 0.2819 
20/12/2010, 0.2827 
17/12/2010, 0.2851 
16/12/2010, 0.3106 
15/12/2010, 0.3123 
14/12/2010, 0.3111 
13/12/2010, 0.3143 
10/12/2010, 0.3233 
9/12/2010, 0.3222 
8/12/2010, 0.3240 
7/12/2010, 0.3248 
6/12/2010, 0.3238 
3/12/2010, 0.3287 
2/12/2010, 0.3282 
1/12/2010, 0.3238 
30/11/2010, 0.3066 
29/11/2010, 0.3154 
26/11/2010, 0.3178 
25/11/2010, 0.3197 
24/11/2010, 0.3205 
23/11/2010, 0.3484 
22/11/2010, 0.3383 
19/11/2010, 0.3557 
18/11/2010, 0.3683 
17/11/2010, 0.3672 
16/11/2010, 0.3667 
15/11/2010, 0.3620 
12/11/2010, 0.3651 
11/11/2010, 0.3553 
10/11/2010, 0.3714 
9/11/2010, 0.3721 
8/11/2010, 0.3759 
5/11/2010, 0.3762 
4/11/2010, 0.3798 
3/11/2010, 0.3741 
2/11/2010, 0.4174 
1/11/2010, 0.4198 
29/10/2010, 0.4218 
28/10/2010, 0.4233 
27/10/2010, 0.4251 
26/10/2010, 0.4275 
25/10/2010, 0.4288 
22/10/2010, 0.4403 
21/10/2010, 0.4416 
20/10/2010, 0.4375 
19/10/2010, 0.4381 
18/10/2010, 0.4265 
15/10/2010, 0.4334 
14/10/2010, 0.4338 
13/10/2010, 0.4446 
12/10/2010, 0.4490 
11/10/2010, 0.4509 
8/10/2010, 0.4501 
7/10/2010, 0.4784 
6/10/2010, 0.4780 
5/10/2010, 0.4794 
4/10/2010, 0.4791 
1/10/2010, 0.4757 
30/9/2010, 0.4771 
29/9/2010, 0.4778 
28/9/2010, 0.5032 
27/9/2010, 0.5008 
24/9/2010, 0.5034 
23/9/2010, 0.4919 
22/9/2010, 0.4902 
21/9/2010, 0.4947 
20/9/2010, 0.5252 
17/9/2010, 0.5192 
16/9/2010, 0.5179 
15/9/2010, 0.5240 
14/9/2010, 0.5236 
13/9/2010, 0.5320 
10/9/2010, 0.5290 
9/9/2010, 0.5284 
8/9/2010, 0.5267 
7/9/2010, 0.5271 
6/9/2010, 0.5357 
3/9/2010, 0.5322 
2/9/2010, 0.5288 
1/9/2010, 0.5472 
31/8/2010, 0.5254 
30/8/2010, 0.5235 
27/8/2010, 0.5208 
26/8/2010, 0.5409 
25/8/2010, 0.5400 
24/8/2010, 0.5523 
23/8/2010, 0.5579 
20/8/2010, 0.5602 
19/8/2010, 0.5625 
18/8/2010, 0.5786 
17/8/2010, 0.5766 
16/8/2010, 0.5709 
13/8/2010, 0.5711 
12/8/2010, 0.5713 
11/8/2010, 0.5964 
10/8/2010, 0.5823 
9/8/2010, 0.5843 
6/8/2010, 0.5819 
5/8/2010, 0.5897 
4/8/2010, 0.5934 
3/8/2010, 0.5987 
2/8/2010, 0.5997 
30/7/2010, 0.6231 
29/7/2010, 0.6264 
28/7/2010, 0.6430 
27/7/2010, 0.6419 
26/7/2010, 0.6511 
23/7/2010, 0.6496 
22/7/2010, 0.6509 
21/7/2010, 0.6451 
20/7/2010, 0.6447 
19/7/2010, 0.6477 
16/7/2010, 0.6451 
15/7/2010, 0.6339 
14/7/2010, 0.6300 
13/7/2010, 0.6280 
12/7/2010, 0.6251 
9/7/2010, 0.6253 
8/7/2010, 0.6256 
7/7/2010, 0.6239 
6/7/2010, 0.6089 
5/7/2010, 0.6099 
2/7/2010, 0.6073 
1/7/2010, 0.6090 
30/6/2010, 0.6100 
29/6/2010, 0.6086 
28/6/2010, 0.5943 
25/6/2010, 0.5965 
24/6/2010, 0.6003 
23/6/2010, 0.5983 
22/6/2010, 0.5998 
21/6/2010, 0.5959 
18/6/2010, 0.5963 
17/6/2010, 0.5963 
16/6/2010, 0.5957 
15/6/2010, 0.5956 
14/6/2010, 0.5881 
11/6/2010, 0.5886 
10/6/2010, 0.5876 
9/6/2010, 0.5710 
8/6/2010, 0.5731 
7/6/2010, 0.5764 
4/6/2010, 0.5739 
3/6/2010, 0.5492 
2/6/2010, 0.5505 
1/6/2010, 0.5377 
31/5/2010, 0.5289 
28/5/2010, 0.5254 
27/5/2010, 0.5275 
26/5/2010, 0.4991 
25/5/2010, 0.5012 
24/5/2010, 0.5023 
21/5/2010, 0.5020 
20/5/2010, 0.4986 
19/5/2010, 0.4543 
18/5/2010, 0.4540 
17/5/2010, 0.4523 
14/5/2010, 0.4546 
13/5/2010, 0.4412 
12/5/2010, 0.4390 
11/5/2010, 0.4325 
10/5/2010, 0.4405 
7/5/2010, 0.3755 
6/5/2010, 0.3597 
5/5/2010, 0.3142 
4/5/2010, 0.3111 
3/5/2010, 0.2763 
30/4/2010, 0.2752 
29/4/2010, 0.2574 
28/4/2010, 0.3158 
27/4/2010, 0.3191 
26/4/2010, 0.2887 
23/4/2010, 0.2941 
22/4/2010, 0.3011 
21/4/2010, 0.3118 
20/4/2010, 0.3110 
19/4/2010, 0.3064 
16/4/2010, 0.3058 
15/4/2010, 0.3162 
14/4/2010, 0.3254 
13/4/2010, 0.3252 
12/4/2010, 0.3302 
9/4/2010, 0.3335 
8/4/2010, 0.3381 
7/4/2010, 0.3374 
6/4/2010, 0.3400 
5/4/2010, 0.3446 
2/4/2010, 0.3393 
1/4/2010, 0.3341 
31/3/2010, 0.3279 
30/3/2010, 0.3247 
29/3/2010, 0.3205 
26/3/2010, 0.3247 
25/3/2010, 0.3340 
24/3/2010, 0.3354 
23/3/2010, 0.3344 
22/3/2010, 0.3343 
19/3/2010, 0.3359 
18/3/2010, 0.3365 
17/3/2010, 0.3370 
16/3/2010, 0.3363 
15/3/2010, 0.3377 
12/3/2010, 0.3364 
11/3/2010, 0.3419 
10/3/2010, 0.3402 
9/3/2010, 0.3385 
8/3/2010, 0.3406 
5/3/2010, 0.3410 
4/3/2010, 0.3331 
3/3/2010, 0.3335 
2/3/2010, 0.3363 
1/3/2010, 0.3343 
26/2/2010, 0.3314 
25/2/2010, 0.3346 
24/2/2010, 0.3352 
23/2/2010, 0.3401 
22/2/2010, 0.3302 
19/2/2010, 0.3484 
18/2/2010, 0.3516 
17/2/2010, 0.3530 
16/2/2010, 0.3518 
15/2/2010, 0.3438 
12/2/2010, 0.3414 
11/2/2010, 0.3522 
10/2/2010, 0.3475 
9/2/2010, 0.3473 
8/2/2010, 0.3530 
5/2/2010, 0.3536 
4/2/2010, 0.3633 
3/2/2010, 0.3223 
2/2/2010, 0.3208 
1/2/2010, 0.3373 
29/1/2010, 0.3288 
28/1/2010, 0.3427 
27/1/2010, 0.3344 
26/1/2010, 0.3345 
25/1/2010, 0.3338 
22/1/2010, 0.3644 
21/1/2010, 0.3607 
20/1/2010, 0.3804 
19/1/2010, 0.3770 
18/1/2010, 0.3768 
15/1/2010, 0.3789 
14/1/2010, 0.3721 
13/1/2010, 0.3728 
12/1/2010, 0.3700 
11/1/2010, 0.3692 
8/1/2010, 0.3714 
7/1/2010, 0.3701 
6/1/2010, 0.3787 
5/1/2010, 0.3815 
4/1/2010,0.384283869
31/12/2009,0.381308959
30/12/2009,0.37549169
29/12/2009,0.373502987
28/12/2009,0.375335116
25/12/2009,0.381397871
24/12/2009,0.380803024
23/12/2009,0.402514469
22/12/2009,0.401525915
21/12/2009,0.399595062
18/12/2009,0.405245698
17/12/2009,0.406940253
16/12/2009,0.408521031
15/12/2009,0.411688603
14/12/2009,0.409565378
11/12/2009,0.406517031
10/12/2009,0.405218607
9/12/2009,0.403624437
8/12/2009,0.40564088
7/12/2009,0.401509485
4/12/2009,0.402784637
3/12/2009,0.400026954
2/12/2009,0.399489024
1/12/2009,0.400552509
30/11/2009,0.395742452
27/11/2009,0.400358245
26/11/2009,0.391782579
25/11/2009,0.390251174
24/11/2009,0.389372372
23/11/2009,0.401666016
20/11/2009,0.401710073
19/11/2009,0.399714632
18/11/2009,0.390580454
17/11/2009,0.39039469
16/11/2009,0.389788166
13/11/2009,0.383493547
12/11/2009,0.389647462
11/11/2009,0.384526551
10/11/2009,0.385376768
9/11/2009,0.387433992
6/11/2009,0.393675666
5/11/2009,0.398130722
4/11/2009,0.388091621
3/11/2009,0.392318525
2/11/2009,0.397463327
30/10/2009,0.3957659
29/10/2009,0.380973297
28/10/2009,0.368896599
27/10/2009,0.346457674
26/10/2009,0.340919581
23/10/2009,0.342111284
22/10/2009,0.332670449
21/10/2009,0.329599208
20/10/2009,0.324272995
19/10/2009,0.318668789
16/10/2009,0.31497937
15/10/2009,0.309885422
14/10/2009,0.321559993
13/10/2009,0.313004556
12/10/2009,0.308793541
9/10/2009,0.311443508
8/10/2009,0.310907552
7/10/2009,0.311565661
6/10/2009,0.329670387
5/10/2009,0.327123892
2/10/2009,0.331255063
1/10/2009,0.327988079
30/9/2009,0.299355939
29/9/2009,0.298482886
28/9/2009,0.317898438
25/9/2009,0.305426453
24/9/2009,0.306163634
23/9/2009,0.331434321
22/9/2009,0.326976664
21/9/2009,0.331653326
18/9/2009,0.330305811
17/9/2009,0.328508243
16/9/2009,0.335225816
15/9/2009,0.333188099
14/9/2009,0.333012516
11/9/2009,0.356946885
10/9/2009,0.355732024
9/9/2009,0.352151725
8/9/2009,0.348218184
7/9/2009,0.355177829
4/9/2009,0.368590869
3/9/2009,0.362639241
2/9/2009,0.358010962
1/9/2009,0.356257418
31/8/2009,0.343276756
28/8/2009,0.339705484
27/8/2009,0.338257877
26/8/2009,0.336971084
25/8/2009,0.34223223
24/8/2009,0.338548906
21/8/2009,0.354632685
20/8/2009,0.350778011
19/8/2009,0.348442886
18/8/2009,0.35343367
17/8/2009,0.367563587
14/8/2009,0.354920345
13/8/2009,0.350515185
12/8/2009,0.355245075
11/8/2009,0.351852818
10/8/2009,0.344809822
7/8/2009,0.362412261
6/8/2009,0.361125285
5/8/2009,0.363197334
4/8/2009,0.390367058
3/8/2009,0.393195358
31/7/2009,0.392646753
30/7/2009,0.395566339
29/7/2009,0.397384499
28/7/2009,0.393206213
27/7/2009,0.388148209
24/7/2009,0.401363862
23/7/2009,0.394544184
22/7/2009,0.382239914
21/7/2009,0.386840423
20/7/2009,0.384690989
17/7/2009,0.381350094
16/7/2009,0.379414252
15/7/2009,0.371380034
14/7/2009,0.355005483
13/7/2009,0.356502579
10/7/2009,0.379765832
9/7/2009,0.376787769
8/7/2009,0.379573765
7/7/2009,0.377557282
6/7/2009,0.372966707
3/7/2009,0.371118153
2/7/2009,0.371118153
1/7/2009,0.373273715
30/6/2009,0.373268671
29/6/2009,0.380820863
26/6/2009,0.380018973
25/6/2009,0.379519623
24/6/2009,0.387425649
23/6/2009,0.387233244
22/6/2009,0.387489257
19/6/2009,0.392943907
18/6/2009,0.398972031
17/6/2009,0.407077218
16/6/2009,0.406384911
15/6/2009,0.404734492
12/6/2009,0.435334041
11/6/2009,0.441121497
10/6/2009,0.436638177
9/6/2009,0.437253507
8/6/2009,0.441878665
5/6/2009,0.437810785
4/6/2009,0.434704326
3/6/2009,0.443586979
2/6/2009,0.436058273
1/6/2009,0.462817099
29/5/2009,0.458275821
28/5/2009,0.456171391
27/5/2009,0.474836085
26/5/2009,0.471864381
25/5/2009,0.464955179
22/5/2009,0.483911014
21/5/2009,0.480716708
20/5/2009,0.47659569
19/5/2009,0.475829206
18/5/2009,0.48341431
15/5/2009,0.487584109
14/5/2009,0.484658427
13/5/2009,0.481972375
12/5/2009,0.473211522
11/5/2009,0.486506573
8/5/2009,0.487753683
7/5/2009,0.48873597
6/5/2009,0.488486836
5/5/2009,0.489251989
4/5/2009,0.504151404
1/5/2009,0.49874133
30/4/2009,0.507042187
29/4/2009,0.509004944
28/4/2009,0.50611577
27/4/2009,0.505514338
24/4/2009,0.504565078
23/4/2009,0.507565723
22/4/2009,0.514920694
21/4/2009,0.521844783
20/4/2009,0.520768739
17/4/2009,0.507516807
16/4/2009,0.505842234
15/4/2009,0.504518016
14/4/2009,0.511741166
13/4/2009,0.527412219
10/4/2009,0.531082387
9/4/2009,0.528278254
8/4/2009,0.519656267
7/4/2009,0.525431675
6/4/2009,0.520733695
3/4/2009,0.52334746
2/4/2009,0.526540115
1/4/2009,0.519734977
31/3/2009,0.521199521
30/3/2009,0.517910619
27/3/2009,0.508800908
26/3/2009,0.511811469
25/3/2009,0.50999011
24/3/2009,0.515618608
23/3/2009,0.515610659
20/3/2009,0.491908666
19/3/2009,0.491952312
18/3/2009,0.497650125
17/3/2009,0.4965996
16/3/2009,0.491653264
13/3/2009,0.492581052
12/3/2009,0.489933873
11/3/2009,0.475917669
10/3/2009,0.497186168
9/3/2009,0.469801737
6/3/2009,0.470774163
5/3/2009,0.475477736
4/3/2009,0.462840783
3/3/2009,0.456513773
2/3/2009,0.462444245
27/2/2009,0.451591299
26/2/2009,0.452895868
25/2/2009,0.458206948
24/2/2009,0.466124106
23/2/2009,0.505358241
20/2/2009,0.497902122
19/2/2009,0.503037094
18/2/2009,0.513000943
17/2/2009,0.506629527
16/2/2009,0.512393228
13/2/2009,0.511302559
12/2/2009,0.527888895
11/2/2009,0.54825571
10/2/2009,0.547510293
9/2/2009,0.539659059
6/2/2009,0.546977578
5/2/2009,0.559201035
4/2/2009,0.570009862
3/2/2009,0.57275681
2/2/2009,0.573666903
30/1/2009,0.574632743
29/1/2009,0.578939168
28/1/2009,0.581736454
27/1/2009,0.579336778
26/1/2009,0.576105454
23/1/2009,0.573430826
22/1/2009,0.572078684
21/1/2009,0.566358198
20/1/2009,0.578688635
19/1/2009,0.570038387
16/1/2009,0.56811306
15/1/2009,0.562066634
14/1/2009,0.570750403
13/1/2009,0.567124776
12/1/2009,0.568803325
9/1/2009,0.564864986
8/1/2009,0.561593021
7/1/2009,0.582097768
6/1/2009,0.574296065
5/1/2009,0.594671358
2/1/2009,0.585527144
31/12/2008,0.592126513
30/12/2008,0.587815834
29/12/2008,0.589665825
26/12/2008,0.590453598
25/12/2008,0.588613551
24/12/2008,0.589232186
23/12/2008,0.586358204
22/12/2008,0.586801157
19/12/2008,0.593298779
18/12/2008,0.593562426
17/12/2008,0.595696985
16/12/2008,0.597121673
15/12/2008,0.591000449
12/12/2008,0.591681818
11/12/2008,0.591998419
10/12/2008,0.591964454
9/12/2008,0.594218602
8/12/2008,0.595617997
5/12/2008,0.598220124
4/12/2008,0.596070921
3/12/2008,0.598823377
2/12/2008,0.599198977
1/12/2008,0.598122354
28/11/2008,0.583411876
27/11/2008,0.583813822
26/11/2008,0.583290877
25/11/2008,0.579820166
24/11/2008,0.582220897
21/11/2008,0.573328529
20/11/2008,0.574464222
19/11/2008,0.572636132
18/11/2008,0.56498054
17/11/2008,0.567325702
14/11/2008,0.569396131
13/11/2008,0.567851107
12/11/2008,0.554638633
11/11/2008,0.550237594
10/11/2008,0.551165942
7/11/2008,0.554292088
6/11/2008,0.554724447
5/11/2008,0.551757994
4/11/2008,0.547205603
3/11/2008,0.547752228
31/10/2008,0.552244629
30/10/2008,0.557079264
29/10/2008,0.560324261
28/10/2008,0.568382768
27/10/2008,0.548656477
24/10/2008,0.548871795
23/10/2008,0.549472782
22/10/2008,0.557155801
21/10/2008,0.547989432
20/10/2008,0.550702293
17/10/2008,0.547944089
16/10/2008,0.551597895
15/10/2008,0.552239777
14/10/2008,0.515710243
13/10/2008,0.522618752
10/10/2008,0.455373336
9/10/2008,0.47701443
8/10/2008,0.450242428
7/10/2008,0.459639832
6/10/2008,0.442381127
3/10/2008,0.430597486
2/10/2008,0.431751469
1/10/2008,0.412779876
30/9/2008,0.41696815
29/9/2008,0.413031772
26/9/2008,0.359421335
25/9/2008,0.363560381
24/9/2008,0.362260672
23/9/2008,0.365976602
22/9/2008,0.364401173
19/9/2008,0.3506136
18/9/2008,0.344271957
17/9/2008,0.342146645
16/9/2008,0.316586317
15/9/2008,0.319440584
12/9/2008,0.295510641
11/9/2008,0.301736904
10/9/2008,0.301697828
9/9/2008,0.304319598
8/9/2008,0.290530032
5/9/2008,0.286055687
4/9/2008,0.29223346
3/9/2008,0.279832166
2/9/2008,0.290038856
1/9/2008,0.291149816
29/8/2008,0.289135149
28/8/2008,0.30378346
27/8/2008,0.301878586
26/8/2008,0.299720519
25/8/2008,0.299359919
22/8/2008,0.294474536
21/8/2008,0.291083095
20/8/2008,0.293722262
19/8/2008,0.293737528
18/8/2008,0.292007164
15/8/2008,0.292023546
14/8/2008,0.294826437
13/8/2008,0.294430311
12/8/2008,0.297540311
11/8/2008,0.298021076
8/8/2008,0.295818975
7/8/2008,0.279918744
6/8/2008,0.28105984
5/8/2008,0.283732279
4/8/2008,0.269145427
1/8/2008,0.274473058
31/7/2008,0.277025769
30/7/2008,0.280362014
29/7/2008,0.285034436
28/7/2008,0.276879654
25/7/2008,0.273787795
24/7/2008,0.275648089
23/7/2008,0.276358722
22/7/2008,0.279496711
21/7/2008,0.275376868
18/7/2008,0.276436168
17/7/2008,0.278227342
16/7/2008,0.275092565
15/7/2008,0.259450241
14/7/2008,0.263109464
11/7/2008,0.262652788
10/7/2008,0.267415278
9/7/2008,0.269579925
8/7/2008,0.282370833
7/7/2008,0.271348953
4/7/2008,0.272221933
3/7/2008,0.276171344
2/7/2008,0.278296954
1/7/2008,0.274695334
30/6/2008,0.277779516
27/6/2008,0.279066316
26/6/2008,0.278865493
25/6/2008,0.254965136
24/6/2008,0.252298091
23/6/2008,0.286385997
20/6/2008,0.286709556
19/6/2008,0.27850519
18/6/2008,0.282568401
17/6/2008,0.280624979
16/6/2008,0.279896997
13/6/2008,0.28596373
12/6/2008,0.283616437
11/6/2008,0.289266939
10/6/2008,0.285084343
9/6/2008,0.315316809
6/6/2008,0.32093311
5/6/2008,0.306743923
4/6/2008,0.302694347
3/6/2008,0.302693586
2/6/2008,0.320950471
30/5/2008,0.326571212
29/5/2008,0.327475567
28/5/2008,0.342465488
27/5/2008,0.342870761
26/5/2008,0.340380875
23/5/2008,0.336212419
22/5/2008,0.347267466
21/5/2008,0.348716344
20/5/2008,0.343459655
19/5/2008,0.34270139
16/5/2008,0.346720767
15/5/2008,0.347987209
14/5/2008,0.350055891
13/5/2008,0.351114008
12/5/2008,0.350050545
9/5/2008,0.350162206
8/5/2008,0.349739038
7/5/2008,0.353963127
6/5/2008,0.3517873
5/5/2008,0.351256666
2/5/2008,0.349613884
1/5/2008,0.349452875
30/4/2008,0.344607741
29/4/2008,0.345626881
28/4/2008,0.363267783
25/4/2008,0.362202511
24/4/2008,0.368359689
23/4/2008,0.375078483
22/4/2008,0.377601029
21/4/2008,0.373373298
18/4/2008,0.379265259
17/4/2008,0.376452981
16/4/2008,0.368728117
15/4/2008,0.355182239
14/4/2008,0.348891795
11/4/2008,0.351530473
10/4/2008,0.343629534
9/4/2008,0.355566815
8/4/2008,0.347031377
7/4/2008,0.355611006
4/4/2008,0.355568344
3/4/2008,0.357550436
2/4/2008,0.356912594
1/4/2008,0.354873825
31/3/2008,0.340193678
28/3/2008,0.336235107
27/3/2008,0.345738952
26/3/2008,0.343675036
25/3/2008,0.346477675
24/3/2008,0.347515339
21/3/2008,0.343118555
20/3/2008,0.344572271
19/3/2008,0.34147031
18/3/2008,0.341447516
17/3/2008,0.316624464
14/3/2008,0.31895579
13/3/2008,0.313066362
12/3/2008,0.311683448
11/3/2008,0.313350535
10/3/2008,0.29697754
7/3/2008,0.295948298
6/3/2008,0.295675428
5/3/2008,0.283712817
4/3/2008,0.297261292
3/3/2008,0.300180007
29/2/2008,0.301470141
28/2/2008,0.292742321
27/2/2008,0.296269026
26/2/2008,0.296631179
25/2/2008,0.294985848
22/2/2008,0.291016195
21/2/2008,0.28980546
20/2/2008,0.304553853
19/2/2008,0.305194799
18/2/2008,0.311367227
15/2/2008,0.314550388
14/2/2008,0.318128694
13/2/2008,0.31863749
12/2/2008,0.314768465
11/2/2008,0.32045295
8/2/2008,0.321367553
7/2/2008,0.325132507
6/2/2008,0.32638699
5/2/2008,0.339241495
4/2/2008,0.323052791
1/2/2008,0.324792756
31/1/2008,0.315016342
30/1/2008,0.320816868
29/1/2008,0.323132631
28/1/2008,0.32393234
25/1/2008,0.311782581
24/1/2008,0.32076051
23/1/2008,0.331123005
22/1/2008,0.327433636
21/1/2008,0.338769903
18/1/2008,0.337079478
17/1/2008,0.336317179
16/1/2008,0.321965719
15/1/2008,0.327798991
14/1/2008,0.31772088
11/1/2008,0.329387865
10/1/2008,0.327035192
9/1/2008,0.327096459
8/1/2008,0.330610945
7/1/2008,0.327991502
4/1/2008,0.332175174
3/1/2008,0.317082096
2/1/2008,0.317907874
31/12/2007,0.316189765
28/12/2007,0.316074234
27/12/2007,0.319784708
26/12/2007,0.314034306
25/12/2007,0.312857029
24/12/2007,0.309728667
21/12/2007,0.311263981
20/12/2007,0.306713679
19/12/2007,0.307048512
18/12/2007,0.309151905
17/12/2007,0.30780155
14/12/2007,0.304771397
13/12/2007,0.299009044
12/12/2007,0.301201292
11/12/2007,0.30370946
10/12/2007,0.30403023
7/12/2007,0.305609115
6/12/2007,0.307230897
5/12/2007,0.30227114
4/12/2007,0.298760282
3/12/2007,0.304405572
30/11/2007,0.305845264
29/11/2007,0.314479938
28/11/2007,0.316061832
27/11/2007,0.297155396
26/11/2007,0.299560816
23/11/2007,0.295870228
22/11/2007,0.294829201
21/11/2007,0.292883131
20/11/2007,0.305363986
19/11/2007,0.32568915
16/11/2007,0.319545426
15/11/2007,0.326755339
14/11/2007,0.324190547
13/11/2007,0.328747244
12/11/2007,0.311603478
9/11/2007,0.313671706
8/11/2007,0.32725452
7/11/2007,0.322724726
6/11/2007,0.310820171
5/11/2007,0.324927504
2/11/2007,0.318793539
1/11/2007,0.309045146
31/10/2007,0.310723501
30/10/2007,0.307424589
29/10/2007,0.306656334
26/10/2007,0.306237541
25/10/2007,0.32635533
24/10/2007,0.330802727
23/10/2007,0.329871079
22/10/2007,0.333854154
19/10/2007,0.336073553
18/10/2007,0.325366237
17/10/2007,0.341805262
16/10/2007,0.339450654
15/10/2007,0.348118954
12/10/2007,0.345801397
11/10/2007,0.348749765
10/10/2007,0.347453159
9/10/2007,0.348298735
8/10/2007,0.346348647
5/10/2007,0.346767267
4/10/2007,0.342440022
3/10/2007,0.347550695
2/10/2007,0.348696441
1/10/2007,0.354318088
28/9/2007,0.351186383
27/9/2007,0.35262824
26/9/2007,0.352114331
25/9/2007,0.353864845
24/9/2007,0.356525847
21/9/2007,0.36009776
20/9/2007,0.366049584
19/9/2007,0.365452816
18/9/2007,0.368110563
17/9/2007,0.347574894
14/9/2007,0.347471194
13/9/2007,0.349792189
12/9/2007,0.350390759
11/9/2007,0.353069242
10/9/2007,0.347877439
7/9/2007,0.347469825
6/9/2007,0.342246709
5/9/2007,0.342825414
4/9/2007,0.34596386
3/9/2007,0.345508732
31/8/2007,0.343485816
30/8/2007,0.342127639
29/8/2007,0.352392654
28/8/2007,0.340614638
27/8/2007,0.327159118
24/8/2007,0.325060817
23/8/2007,0.322052752
22/8/2007,0.322295521
21/8/2007,0.320365626
20/8/2007,0.321759556
17/8/2007,0.325856462
16/8/2007,0.313388508
15/8/2007,0.328476189
14/8/2007,0.322680571
13/8/2007,0.312277563
10/8/2007,0.319036554
9/8/2007,0.33630201
8/8/2007,0.320177025
7/8/2007,0.328434145
6/8/2007,0.336012846
3/8/2007,0.336194434
2/8/2007,0.311088751
1/8/2007,0.323005396
31/7/2007,0.33150452
30/7/2007,0.330536279
27/7/2007,0.328076512
26/7/2007,0.32236849
25/7/2007,0.294094409
24/7/2007,0.304310392
23/7/2007,0.279411107
20/7/2007,0.289512159
19/7/2007,0.280612107
18/7/2007,0.277383596
17/7/2007,0.278648432
16/7/2007,0.276878148
13/7/2007,0.274746299
12/7/2007,0.277131007
11/7/2007,0.264953772
10/7/2007,0.262006374
9/7/2007,0.245265083
6/7/2007,0.251525746
5/7/2007,0.25032147
4/7/2007,0.253095802
3/7/2007,0.253380453
2/7/2007,0.252463053
29/6/2007,0.245425169
28/6/2007,0.248122056
27/6/2007,0.249674934
26/6/2007,0.245017254
25/6/2007,0.251054042
22/6/2007,0.247778476
21/6/2007,0.237949705
20/6/2007,0.23689851
19/6/2007,0.232380649
18/6/2007,0.237511083
15/6/2007,0.237706833
14/6/2007,0.236361646
13/6/2007,0.235186357
12/6/2007,0.238735666
11/6/2007,0.230834949
8/6/2007,0.23720495
7/6/2007,0.233354463
6/6/2007,0.202308948
5/6/2007,0.190325239
4/6/2007,0.222706146
1/6/2007,0.222334304
31/5/2007,0.222560795
30/5/2007,0.225975986
29/5/2007,0.221878599
28/5/2007,0.23633099
25/5/2007,0.250612406
24/5/2007,0.262954995
23/5/2007,0.252363379
22/5/2007,0.250631735
21/5/2007,0.319784244
18/5/2007,0.318244508
17/5/2007,0.316596871
16/5/2007,0.316486793
15/5/2007,0.314523042
14/5/2007,0.313350757
11/5/2007,0.315683974
10/5/2007,0.312328375
9/5/2007,0.30019871
8/5/2007,0.301213626
7/5/2007,0.304020864
4/5/2007,0.305428548
3/5/2007,0.309702018
2/5/2007,0.309863812
1/5/2007,0.306342488
30/4/2007,0.308364812
27/4/2007,0.299203074
26/4/2007,0.300638361
25/4/2007,0.307514412
24/4/2007,0.307881906
23/4/2007,0.31063257
20/4/2007,0.310759151
19/4/2007,0.30743877
18/4/2007,0.311097333
17/4/2007,0.313077772
16/4/2007,0.313771604
13/4/2007,0.312376441
12/4/2007,0.312280272
11/4/2007,0.310563922
10/4/2007,0.307197795
9/4/2007,0.30542313
6/4/2007,0.308287677
5/4/2007,0.304703855
4/4/2007,0.305489307
3/4/2007,0.304808069
2/4/2007,0.300101218
30/3/2007,0.301119778
29/3/2007,0.303377816
28/3/2007,0.301115144
27/3/2007,0.292104923
26/3/2007,0.291904727
23/3/2007,0.296608218
22/3/2007,0.297721118
21/3/2007,0.302225127
20/3/2007,0.292917116
19/3/2007,0.293741098
16/3/2007,0.28898629
15/3/2007,0.288075904
14/3/2007,0.285126333
13/3/2007,0.283566164
12/3/2007,0.25791888
9/3/2007,0.257869739
8/3/2007,0.259302594
7/3/2007,0.255648049
6/3/2007,0.256694917
5/3/2007,0.240325889
2/3/2007,0.226049793
1/3/2007,0.213310849
28/2/2007,0.212626553
27/2/2007,0.213974307
26/2/2007,0.130876275
23/2/2007,0.131590327
22/2/2007,0.130987947
21/2/2007,0.140467455
20/2/2007,0.140100685
19/2/2007,0.167856413
16/2/2007,0.167188195
15/2/2007,0.169392113
14/2/2007,0.170401555
13/2/2007,0.167124492
12/2/2007,0.16077189
9/2/2007,0.15895425
8/2/2007,0.153286371
7/2/2007,0.155731018
6/2/2007,0.158697094
5/2/2007,0.159042444
2/2/2007,0.159771454
1/2/2007,0.162428336
31/1/2007,0.158573934
30/1/2007,0.156479112
29/1/2007,0.165185526
26/1/2007,0.164663538
25/1/2007,0.163482172
24/1/2007,0.161321969
23/1/2007,0.157502199
22/1/2007,0.155742633
19/1/2007,0.158165472
18/1/2007,0.156823047
17/1/2007,0.151794607
16/1/2007,0.150367322
15/1/2007,0.151603317
12/1/2007,0.148870709
11/1/2007,0.146152398
10/1/2007,0.140191795
9/1/2007,0.141982256
8/1/2007,0.142555856
5/1/2007,0.141907903
4/1/2007,0.143337563
3/1/2007,0.144458665
2/1/2007,0.147156059
29/12/2006,0.145312846
28/12/2006,0.142896356
27/12/2006,0.142446033
26/12/2006,0.149310102
25/12/2006,0.14563997
22/12/2006,0.144586273
21/12/2006,0.144274927
20/12/2006,0.141967097
19/12/2006,0.14142786
18/12/2006,0.142497664
15/12/2006,0.142892382
14/12/2006,0.145045
13/12/2006,0.147788524
12/12/2006,0.14777031
11/12/2006,0.147293361
8/12/2006,0.147374506
7/12/2006,0.146063108
6/12/2006,0.144304811
5/12/2006,0.144212995
4/12/2006,0.152611582
1/12/2006,0.144720407
30/11/2006,0.144222148
29/11/2006,0.148011213
28/11/2006,0.151809773
27/11/2006,0.151237601
24/11/2006,0.129713751
23/11/2006,0.128802669
22/11/2006,0.127063788
21/11/2006,0.126810358
20/11/2006,0.127713399
17/11/2006,0.132824824
16/11/2006,0.132836026
15/11/2006,0.132334652
14/11/2006,0.136357396
13/11/2006,0.134713332
10/11/2006,0.137716872
9/11/2006,0.137431669
8/11/2006,0.134765643
7/11/2006,0.140529983
6/11/2006,0.155002548
3/11/2006,0.148120819
2/11/2006,0.151319769
1/11/2006,0.153691468
31/10/2006,0.15134168
30/10/2006,0.153757949
27/10/2006,0.15673975
26/10/2006,0.150848962
25/10/2006,0.148547368
24/10/2006,0.150071039
23/10/2006,0.153221336
20/10/2006,0.152218856
19/10/2006,0.161393554
18/10/2006,0.164423683
17/10/2006,0.160828215
16/10/2006,0.158423252
13/10/2006,0.17192058
12/10/2006,0.177852917
11/10/2006,0.179216426
10/10/2006,0.197893501
9/10/2006,0.196670998
6/10/2006,0.19652929
5/10/2006,0.198568241
4/10/2006,0.211584782
3/10/2006,0.209058399
2/10/2006,0.210267012
29/9/2006,0.209015426
28/9/2006,0.209887861
27/9/2006,0.209374937
26/9/2006,0.215821557
25/9/2006,0.217001575
22/9/2006,0.215792835
21/9/2006,0.217736219
20/9/2006,0.238930672
19/9/2006,0.239149103
18/9/2006,0.243920981
15/9/2006,0.244541223
14/9/2006,0.243153902
13/9/2006,0.244940358
12/9/2006,0.250354689
11/9/2006,0.245128088
8/9/2006,0.252862953
7/9/2006,0.25418111
6/9/2006,0.277460199
5/9/2006,0.269327425
4/9/2006,0.277853502
1/9/2006,0.287256438
31/8/2006,0.286307231
30/8/2006,0.285085934
29/8/2006,0.283858227
28/8/2006,0.283462886
25/8/2006,0.292132289
24/8/2006,0.291960843
23/8/2006,0.299717693
22/8/2006,0.302227821
21/8/2006,0.309247061
18/8/2006,0.310306018
17/8/2006,0.312011691
16/8/2006,0.316414183
15/8/2006,0.313455359
14/8/2006,0.304005828
11/8/2006,0.304628998
10/8/2006,0.303935923
9/8/2006,0.304189073
8/8/2006,0.315759809
7/8/2006,0.31567813
4/8/2006,0.313723356
3/8/2006,0.319635339
2/8/2006,0.329349415
1/8/2006,0.330450736
31/7/2006,0.330694203
28/7/2006,0.33111272
27/7/2006,0.330233294
26/7/2006,0.332466483
25/7/2006,0.335194888
24/7/2006,0.33525659
21/7/2006,0.320259454
20/7/2006,0.317934614
19/7/2006,0.311194198
18/7/2006,0.289138836
17/7/2006,0.287234112
14/7/2006,0.288872029
13/7/2006,0.286088279
12/7/2006,0.274263795
11/7/2006,0.267905728
10/7/2006,0.279339783
7/7/2006,0.279144649
6/7/2006,0.280429146
5/7/2006,0.280907268
4/7/2006,0.275568121
3/7/2006,0.277252628
30/6/2006,0.274345655
29/6/2006,0.281473265
28/6/2006,0.255490267
27/6/2006,0.254587112
26/6/2006,0.250911419
23/6/2006,0.247876949
22/6/2006,0.249860378
21/6/2006,0.248002944
20/6/2006,0.245699126
19/6/2006,0.245595316
16/6/2006,0.241617625
15/6/2006,0.241154915
14/6/2006,0.206921563
13/6/2006,0.21150313
12/6/2006,0.20682043
9/6/2006,0.192744514
8/6/2006,0.193259208
7/6/2006,0.19364562
6/6/2006,0.1967763
5/6/2006,0.201602095
2/6/2006,0.183855425
1/6/2006,0.186669494
31/5/2006,0.176884265
30/5/2006,0.169406207
29/5/2006,0.158131708
26/5/2006,0.156709461
25/5/2006,0.153541812
24/5/2006,0.145859583
23/5/2006,0.151452387
22/5/2006,0.155634019
19/5/2006,0.154797688
18/5/2006,0.154275835
17/5/2006,0.152851732
16/5/2006,0.140764803
15/5/2006,0.141602993
12/5/2006,0.14470891
11/5/2006,0.135612246
10/5/2006,0.127022932
9/5/2006,0.128066274
8/5/2006,0.131998652
5/5/2006,0.134104989
4/5/2006,0.127407614
3/5/2006,0.126557185
2/5/2006,0.127698352
1/5/2006,0.131846821
28/4/2006,0.129951575
27/4/2006,0.133671802
26/4/2006,0.140607801
25/4/2006,0.142189326
24/4/2006,0.140310574
21/4/2006,0.138576287
20/4/2006,0.138488698
19/4/2006,0.140568977
18/4/2006,0.14042959
17/4/2006,0.125286432
14/4/2006,0.124774882
13/4/2006,0.140031668
12/4/2006,0.141344666
11/4/2006,0.140738753
10/4/2006,0.135930851
7/4/2006,0.137087454
6/4/2006,0.129789124
5/4/2006,0.132640512
4/4/2006,0.131839496
3/4/2006,0.13059914
31/3/2006,0.133300677
30/3/2006,0.137408152
29/3/2006,0.136062896
28/3/2006,0.132860976
27/3/2006,0.139368265
24/3/2006,0.140354853
23/3/2006,0.144283015
22/3/2006,0.145361994
21/3/2006,0.14418806
20/3/2006,0.147093695
17/3/2006,0.148292774
16/3/2006,0.148946641
15/3/2006,0.150063964
14/3/2006,0.148214025
13/3/2006,0.143350507
10/3/2006,0.150506915
9/3/2006,0.146711539
8/3/2006,0.147720996
7/3/2006,0.148358163
6/3/2006,0.147082701
3/3/2006,0.145764815
2/3/2006,0.146183893
1/3/2006,0.145128455
28/2/2006,0.144036724
27/2/2006,0.13633823
24/2/2006,0.138036307
23/2/2006,0.138048804
22/2/2006,0.148346208
21/2/2006,0.144103435
20/2/2006,0.143192087
17/2/2006,0.150224341
16/2/2006,0.152027549
15/2/2006,0.150735938
14/2/2006,0.151165953
13/2/2006,0.148384758
10/2/2006,0.148903636
9/2/2006,0.149932061
8/2/2006,0.162054481
7/2/2006,0.162287855
6/2/2006,0.160689491
3/2/2006,0.161415982
2/2/2006,0.160170397
1/2/2006,0.156820473
31/1/2006,0.157837738
30/1/2006,0.162753895
27/1/2006,0.163339957
26/1/2006,0.162969568
25/1/2006,0.161254471
24/1/2006,0.172054396
23/1/2006,0.169930119
20/1/2006,0.178375934
19/1/2006,0.17191216
18/1/2006,0.185948885
17/1/2006,0.185602004
16/1/2006,0.182460689
13/1/2006,0.194621008
12/1/2006,0.192929311
11/1/2006,0.197416458
10/1/2006,0.200692355
9/1/2006,0.208018593
6/1/2006,0.206942064
5/1/2006,0.20850455
4/1/2006,0.208835441
3/1/2006,0.215397948
2/1/2006,0.213865945
30/12/2005,0.215773585
29/12/2005,0.212486885
28/12/2005,0.212737108
27/12/2005,0.231425126
26/12/2005,0.229635615
23/12/2005,0.226534818
22/12/2005,0.227148308
21/12/2005,0.229095973
20/12/2005,0.227243042
19/12/2005,0.226961981
16/12/2005,0.222217208
15/12/2005,0.222062189
14/12/2005,0.22029877
13/12/2005,0.229691786
12/12/2005,0.232110731
9/12/2005,0.234338818
8/12/2005,0.232551853
7/12/2005,0.233021695
6/12/2005,0.23271822
5/12/2005,0.23519709
2/12/2005,0.233131322
1/12/2005,0.235340002
30/11/2005,0.229113439
29/11/2005,0.228621967
28/11/2005,0.233885532
25/11/2005,0.230893185
24/11/2005,0.231192923
23/11/2005,0.227352261
22/11/2005,0.232791944
21/11/2005,0.233396259
18/11/2005,0.234071451
17/11/2005,0.237707947
16/11/2005,0.230609361
15/11/2005,0.232408083
14/11/2005,0.23185089
11/11/2005,0.232954365
10/11/2005,0.232684061
9/11/2005,0.232023997
8/11/2005,0.232141828
7/11/2005,0.236958665
4/11/2005,0.237663081
3/11/2005,0.239507639
2/11/2005,0.246177932
1/11/2005,0.238984943
31/10/2005,0.243443775
28/10/2005,0.234840305
27/10/2005,0.228151341
26/10/2005,0.226020533
25/10/2005,0.227216886
24/10/2005,0.231317959
21/10/2005,0.214644867
20/10/2005,0.214230453
19/10/2005,0.21360286
18/10/2005,0.206564275
17/10/2005,0.202849468
14/10/2005,0.203191213
13/10/2005,0.19559176
12/10/2005,0.198460229
11/10/2005,0.194592048
10/10/2005,0.196220315
7/10/2005,0.193962798
6/10/2005,0.193095224
5/10/2005,0.190308788
4/10/2005,0.168680795
3/10/2005,0.163986825
30/9/2005,0.167965348
29/9/2005,0.176351019
28/9/2005,0.171243678
27/9/2005,0.174185568
26/9/2005,0.17752496
23/9/2005,0.179647004
22/9/2005,0.180751536
21/9/2005,0.185857914
20/9/2005,0.173360079
19/9/2005,0.178089005
16/9/2005,0.172862003
15/9/2005,0.178659435
14/9/2005,0.184612683
13/9/2005,0.182417301
12/9/2005,0.177749762
9/9/2005,0.178980292
8/9/2005,0.175567144
7/9/2005,0.175626222
6/9/2005,0.176762211
5/9/2005,0.16886657
2/9/2005,0.167991077
1/9/2005,0.166721186
31/8/2005,0.168818925
30/8/2005,0.160730098
29/8/2005,0.158565929
26/8/2005,0.156664737
25/8/2005,0.154006556
24/8/2005,0.153165308
23/8/2005,0.156210983
22/8/2005,0.156175449
19/8/2005,0.157692043
18/8/2005,0.158065558
17/8/2005,0.159595142
16/8/2005,0.1645699
15/8/2005,0.1542242
12/8/2005,0.154460406
11/8/2005,0.153135548
10/8/2005,0.150780452
9/8/2005,0.161983369
8/8/2005,0.164436982
5/8/2005,0.169544525
4/8/2005,0.16232378
3/8/2005,0.162760183
2/8/2005,0.164278644
1/8/2005,0.16947071
29/7/2005,0.171364192
28/7/2005,0.170058138
27/7/2005,0.167933475
26/7/2005,0.177528191
25/7/2005,0.178221201
22/7/2005,0.174851062
21/7/2005,0.175640927
20/7/2005,0.181143905
19/7/2005,0.178302143
18/7/2005,0.181613333
15/7/2005,0.186394984
14/7/2005,0.189684196
13/7/2005,0.203298944
12/7/2005,0.215408754
11/7/2005,0.217626602
8/7/2005,0.213857729
7/7/2005,0.226438763
6/7/2005,0.234559294
5/7/2005,0.239993425
4/7/2005,0.236877333
1/7/2005,0.23459256
30/6/2005,0.238307922
29/6/2005,0.240265081
28/6/2005,0.240815763
27/6/2005,0.235405087
24/6/2005,0.235970616
23/6/2005,0.231349905
22/6/2005,0.226186864
21/6/2005,0.233956992
20/6/2005,0.237613742
17/6/2005,0.236449339
16/6/2005,0.239417512
15/6/2005,0.238461723
14/6/2005,0.237947386
13/6/2005,0.240446037
10/6/2005,0.240276598
9/6/2005,0.240166308
8/6/2005,0.239311637
7/6/2005,0.244337527
6/6/2005,0.246575224
3/6/2005,0.249088668
2/6/2005,0.247395071
1/6/2005,0.24766267
31/5/2005,0.248990534
30/5/2005,0.251238233
27/5/2005,0.248925376
26/5/2005,0.25102148
25/5/2005,0.248423359
24/5/2005,0.244578428
23/5/2005,0.247680421
20/5/2005,0.247014475
19/5/2005,0.250108111
18/5/2005,0.251216771
17/5/2005,0.241896611
16/5/2005,0.250891643
13/5/2005,0.246969154
12/5/2005,0.246357996
11/5/2005,0.245367331
10/5/2005,0.243831579
9/5/2005,0.241782793
6/5/2005,0.239495576
5/5/2005,0.243934191
4/5/2005,0.244956148
3/5/2005,0.243023222
2/5/2005,0.243496275
29/4/2005,0.242584647
28/4/2005,0.247661594
27/4/2005,0.24128262
26/4/2005,0.244975498
25/4/2005,0.245840852
22/4/2005,0.244699232
21/4/2005,0.242720253
20/4/2005,0.227937919
19/4/2005,0.220949755
18/4/2005,0.214712482
15/4/2005,0.216813121
14/4/2005,0.201733829
13/4/2005,0.195168334
12/4/2005,0.190599176
11/4/2005,0.195781669
8/4/2005,0.197932457
7/4/2005,0.196587226
6/4/2005,0.195001407
5/4/2005,0.194524371
4/4/2005,0.19622734
1/4/2005,0.196847186
31/3/2005,0.196825731
30/3/2005,0.197071609
29/3/2005,0.192021297
28/3/2005,0.202208914
25/3/2005,0.212425392
24/3/2005,0.212395661
23/3/2005,0.213492593
22/3/2005,0.215418419
21/3/2005,0.220455375
18/3/2005,0.222038278
17/3/2005,0.224543316
16/3/2005,0.225188007
15/3/2005,0.220349482
14/3/2005,0.223029259
11/3/2005,0.220687552
10/3/2005,0.218891819
9/3/2005,0.218968213
8/3/2005,0.212053607
7/3/2005,0.210387247
4/3/2005,0.212870804
3/3/2005,0.208083813
2/3/2005,0.208904259
1/3/2005,0.210375088
28/2/2005,0.218855266
25/2/2005,0.218105708
24/2/2005,0.211022889
23/2/2005,0.205977119
22/2/2005,0.21479622
21/2/2005,0.196540638
18/2/2005,0.194476719
17/2/2005,0.195728143
16/2/2005,0.19454939
15/2/2005,0.198646847
14/2/2005,0.198862337
11/2/2005,0.201016355
10/2/2005,0.206755063
9/2/2005,0.206416721
8/2/2005,0.198648599
7/2/2005,0.20213099
4/2/2005,0.200951985
3/2/2005,0.198297904
2/2/2005,0.204115992
1/2/2005,0.203993152
31/1/2005,0.201729028
28/1/2005,0.194318432
27/1/2005,0.191991543
26/1/2005,0.210863663
25/1/2005,0.216565812
24/1/2005,0.217823063
21/1/2005,0.214742453
20/1/2005,0.211582244
19/1/2005,0.205928562
18/1/2005,0.207959147
17/1/2005,0.209779093
14/1/2005,0.205647155
13/1/2005,0.205773155
12/1/2005,0.202498165
11/1/2005,0.200615347
10/1/2005,0.199723642
7/1/2005,0.198851403
6/1/2005,0.19717624
5/1/2005,0.199300437
4/1/2005,0.197520859
3/1/2005,0.180447854
31/12/2004,0.167524737
30/12/2004,0.170879816
29/12/2004,0.178386302
28/12/2004,0.178338717
27/12/2004,0.173653818
24/12/2004,0.169953823
23/12/2004,0.17606427
22/12/2004,0.17790072
21/12/2004,0.177549179
20/12/2004,0.174979339
17/12/2004,0.179773425
16/12/2004,0.179998554
15/12/2004,0.179978374
14/12/2004,0.190373695
13/12/2004,0.190960327
10/12/2004,0.19189915
9/12/2004,0.191781155
8/12/2004,0.19329076
7/12/2004,0.195993992
6/12/2004,0.18466042
3/12/2004,0.184174614
2/12/2004,0.184928188
1/12/2004,0.183104116
30/11/2004,0.178007177
29/11/2004,0.179232992
26/11/2004,0.180469553
25/11/2004,0.180147567
24/11/2004,0.182408637
23/11/2004,0.180902249
22/11/2004,0.181730333
19/11/2004,0.185925322
18/11/2004,0.176575484
17/11/2004,0.177203696
16/11/2004,0.179191038
15/11/2004,0.175373723
12/11/2004,0.178173667
11/11/2004,0.180134572
10/11/2004,0.179654943
9/11/2004,0.188418016
8/11/2004,0.188404521
5/11/2004,0.199877621
4/11/2004,0.20399555
3/11/2004,0.203292296
2/11/2004,0.197014114
1/11/2004,0.206911274
29/10/2004,0.208062191
28/10/2004,0.220699681
27/10/2004,0.242126351
26/10/2004,0.235711353
25/10/2004,0.23177254
22/10/2004,0.23280371
21/10/2004,0.231540257
20/10/2004,0.23509988
19/10/2004,0.235661346
18/10/2004,0.234816684
15/10/2004,0.236886642
14/10/2004,0.241943599
13/10/2004,0.241087084
12/10/2004,0.249685344
11/10/2004,0.250757669
8/10/2004,0.249265972
7/10/2004,0.246275529
6/10/2004,0.237817954
5/10/2004,0.23434252
4/10/2004,0.23343846
1/10/2004,0.23343864
30/9/2004,0.224912862
29/9/2004,0.22881021
28/9/2004,0.228125768
27/9/2004,0.230334064
24/9/2004,0.229423502
23/9/2004,0.228226491
22/9/2004,0.231570425
21/9/2004,0.236293509
20/9/2004,0.231433617
17/9/2004,0.229287956
16/9/2004,0.226929751
15/9/2004,0.224186487
14/9/2004,0.226626371
13/9/2004,0.227593985
10/9/2004,0.22685578
9/9/2004,0.227446664
8/9/2004,0.228994893
7/9/2004,0.226536493
6/9/2004,0.227762461
3/9/2004,0.232277533
2/9/2004,0.234347229
1/9/2004,0.229238945
31/8/2004,0.233520157
30/8/2004,0.231063654
27/8/2004,0.240511344
26/8/2004,0.241200009
25/8/2004,0.24593495
24/8/2004,0.244656146
23/8/2004,0.243657838
20/8/2004,0.245283914
19/8/2004,0.240311033
18/8/2004,0.239386597
17/8/2004,0.228805146
16/8/2004,0.246304713
13/8/2004,0.233973077
12/8/2004,0.235286889
11/8/2004,0.226664649
10/8/2004,0.227425022
9/8/2004,0.219623973
6/8/2004,0.227130226
5/8/2004,0.216717819
4/8/2004,0.199420743
3/8/2004,0.200077479
2/8/2004,0.20124504
30/7/2004,0.217924869
29/7/2004,0.238734645
28/7/2004,0.240497715
27/7/2004,0.243890335
26/7/2004,0.240766023
23/7/2004,0.244565568
22/7/2004,0.239500188
21/7/2004,0.246550801
20/7/2004,0.244055949
19/7/2004,0.240440844
16/7/2004,0.240975853
15/7/2004,0.239265153
14/7/2004,0.255302106
13/7/2004,0.256476725
12/7/2004,0.265429478
9/7/2004,0.265475932
8/7/2004,0.266888669
7/7/2004,0.258713308
6/7/2004,0.258135896
5/7/2004,0.265370835
2/7/2004,0.258897027
1/7/2004,0.262029427
30/6/2004,0.257267513
29/6/2004,0.255194684
28/6/2004,0.256067973
25/6/2004,0.256315886
24/6/2004,0.259093817
23/6/2004,0.260698482
22/6/2004,0.258411284
21/6/2004,0.259728543
18/6/2004,0.267503982
17/6/2004,0.267216341
16/6/2004,0.277965685
15/6/2004,0.278536266
14/6/2004,0.274885181
11/6/2004,0.279910412
10/6/2004,0.27917641
9/6/2004,0.27911068
8/6/2004,0.282657696
7/6/2004,0.281725167
4/6/2004,0.281528741
3/6/2004,0.288595007
2/6/2004,0.291752061
1/6/2004,0.300264273
31/5/2004,0.302178562
28/5/2004,0.301517296
27/5/2004,0.300979259
26/5/2004,0.301173509
25/5/2004,0.301039216
24/5/2004,0.286344439
21/5/2004,0.290259345
20/5/2004,0.288611538
19/5/2004,0.291313752
18/5/2004,0.292789568
17/5/2004,0.289905315
14/5/2004,0.285921405
13/5/2004,0.287483675
12/5/2004,0.288029198
11/5/2004,0.288037794
10/5/2004,0.286874073
7/5/2004,0.279825285
6/5/2004,0.264666337
5/5/2004,0.260548961
4/5/2004,0.263943665
3/5/2004,0.265871996
30/4/2004,0.26215079
29/4/2004,0.272451807
28/4/2004,0.265917847
27/4/2004,0.262365223
26/4/2004,0.262160296
23/4/2004,0.261235948
22/4/2004,0.260697843
21/4/2004,0.246007797
20/4/2004,0.251382864
19/4/2004,0.242713767
16/4/2004,0.243901709
15/4/2004,0.240289474
14/4/2004,0.239693335
13/4/2004,0.237879884
12/4/2004,0.222252154
9/4/2004,0.227544846
8/4/2004,0.224448636
7/4/2004,0.221392979
6/4/2004,0.222997388
5/4/2004,0.223693008
2/4/2004,0.225574677
1/4/2004,0.228134767
31/3/2004,0.224575061
30/3/2004,0.223404344
29/3/2004,0.220329383
26/3/2004,0.213409892
25/3/2004,0.214002456
24/3/2004,0.203614292
23/3/2004,0.204149207
22/3/2004,0.211397175
19/3/2004,0.200105055
18/3/2004,0.199550763
17/3/2004,0.199783599
16/3/2004,0.19012898
15/3/2004,0.191216364
12/3/2004,0.17674243
11/3/2004,0.174165157
10/3/2004,0.159296036
9/3/2004,0.14093593
8/3/2004,0.142195521
5/3/2004,0.13701522
4/3/2004,0.144995249
3/3/2004,0.147833278
2/3/2004,0.153708751
1/3/2004,0.154161
27/2/2004,0.151580874
26/2/2004,0.150354172
25/2/2004,0.150344769
24/2/2004,0.149130995
23/2/2004,0.157937999
20/2/2004,0.155306028
19/2/2004,0.154979046
18/2/2004,0.153528983
17/2/2004,0.15414955
16/2/2004,0.166113784
13/2/2004,0.163525752
12/2/2004,0.165780621
11/2/2004,0.165249006
10/2/2004,0.169703658
9/2/2004,0.174081189
6/2/2004,0.177787097
5/2/2004,0.166249234
4/2/2004,0.178239369
3/2/2004,0.172433265
2/2/2004,0.177796138
30/1/2004,0.177129914
29/1/2004,0.17938025
28/1/2004,0.182282935
27/1/2004,0.172673045
26/1/2004,0.175660931
23/1/2004,0.173629007
22/1/2004,0.172521792
21/1/2004,0.174254421
20/1/2004,0.178062722
19/1/2004,0.179492498
16/1/2004,0.177373023
15/1/2004,0.175617241
14/1/2004,0.18792256
13/1/2004,0.184255094
12/1/2004,0.183393539
9/1/2004,0.192840999
8/1/2004,0.190965367
7/1/2004,0.19367546
6/1/2004,0.194170185
5/1/2004,0.198102098
2/1/2004,0.197292007
31/12/2003,0.196265843
30/12/2003,0.195978067
29/12/2003,0.195643455
26/12/2003,0.188924977
25/12/2003,0.191429158
24/12/2003,0.189198284
23/12/2003,0.204360397
22/12/2003,0.205371199
19/12/2003,0.207777807
18/12/2003,0.213457364
17/12/2003,0.213620337
16/12/2003,0.226699446
15/12/2003,0.227775959
12/12/2003,0.231886905
11/12/2003,0.231678135
10/12/2003,0.229011965
9/12/2003,0.226956733
8/12/2003,0.226509186
5/12/2003,0.226606633
4/12/2003,0.224314796
3/12/2003,0.226873243
2/12/2003,0.238863467
1/12/2003,0.242356486
28/11/2003,0.238399504
27/11/2003,0.239033217
26/11/2003,0.235421203
25/11/2003,0.233719207
24/11/2003,0.238755601
21/11/2003,0.229151034
20/11/2003,0.232746459
19/11/2003,0.232600873
18/11/2003,0.232867172
17/11/2003,0.227873101
14/11/2003,0.224361618
13/11/2003,0.230924262
12/11/2003,0.232795303
11/11/2003,0.223911606
10/11/2003,0.222750918
7/11/2003,0.220368373
6/11/2003,0.22271523
5/11/2003,0.223217348
4/11/2003,0.223621406
3/11/2003,0.227535233
31/10/2003,0.225370808
30/10/2003,0.226234893
29/10/2003,0.227244669
28/10/2003,0.225093902
27/10/2003,0.234411466
24/10/2003,0.234576109
23/10/2003,0.239080094
22/10/2003,0.238734414
21/10/2003,0.2299186
20/10/2003,0.231052756
17/10/2003,0.229422121
16/10/2003,0.224600439
15/10/2003,0.223187517
14/10/2003,0.219311151
13/10/2003,0.219604558
10/10/2003,0.224543866
9/10/2003,0.226411032
8/10/2003,0.234230766
7/10/2003,0.23290249
6/10/2003,0.232355091
3/10/2003,0.231429285
2/10/2003,0.229708234
1/10/2003,0.239108875
30/9/2003,0.221557097
29/9/2003,0.22075217
26/9/2003,0.226507922
25/9/2003,0.224915548
24/9/2003,0.222513089
23/9/2003,0.218476591
22/9/2003,0.217951939
19/9/2003,0.216765592
18/9/2003,0.217930062
17/9/2003,0.216544105
16/9/2003,0.215601306
15/9/2003,0.210046787
12/9/2003,0.223721245
11/9/2003,0.222279327
10/9/2003,0.227265454
9/9/2003,0.216116899
8/9/2003,0.211288743
5/9/2003,0.225555273
4/9/2003,0.229457388
3/9/2003,0.229577346
2/9/2003,0.235834933
1/9/2003,0.231779969
29/8/2003,0.241549083
28/8/2003,0.237325583
27/8/2003,0.233441774
26/8/2003,0.24169141
25/8/2003,0.239822667
22/8/2003,0.238423293
21/8/2003,0.245180309
20/8/2003,0.243070798
19/8/2003,0.241854334
18/8/2003,0.249719438
15/8/2003,0.250465833
14/8/2003,0.247526327
13/8/2003,0.247988751
12/8/2003,0.247294132
11/8/2003,0.243533092
8/8/2003,0.262671407
7/8/2003,0.260626058
6/8/2003,0.262052103
5/8/2003,0.263031472
4/8/2003,0.255499514
1/8/2003,0.259776589
31/7/2003,0.259790982
30/7/2003,0.266297845
29/7/2003,0.26785281
28/7/2003,0.268583375
25/7/2003,0.268073839
24/7/2003,0.274068889
23/7/2003,0.275065931
22/7/2003,0.275404668
21/7/2003,0.273705624
18/7/2003,0.274841722
17/7/2003,0.278080873
16/7/2003,0.270758825
15/7/2003,0.267720078
14/7/2003,0.273468203
11/7/2003,0.273410693
10/7/2003,0.274717583
9/7/2003,0.266259895
8/7/2003,0.268674036
7/7/2003,0.268481114
4/7/2003,0.270546034
3/7/2003,0.268106622
2/7/2003,0.262880768
1/7/2003,0.263971142
30/6/2003,0.266277452
27/6/2003,0.265097449
26/6/2003,0.262868871
25/6/2003,0.262468305
24/6/2003,0.27383118
23/6/2003,0.273384436
20/6/2003,0.266979036
19/6/2003,0.267162157
18/6/2003,0.260835438
17/6/2003,0.262351835
16/6/2003,0.26506832
13/6/2003,0.296040083
12/6/2003,0.299454982
11/6/2003,0.299933896
10/6/2003,0.295356777
9/6/2003,0.292711163
6/6/2003,0.306237827
5/6/2003,0.304551814
4/6/2003,0.321068685
3/6/2003,0.317820212
2/6/2003,0.322035441
30/5/2003,0.341396384
29/5/2003,0.334451929
28/5/2003,0.33681844
27/5/2003,0.336610263
26/5/2003,0.340444985
23/5/2003,0.338993196
22/5/2003,0.340868349
21/5/2003,0.342486279
20/5/2003,0.346660881
19/5/2003,0.34689994
16/5/2003,0.343041459
15/5/2003,0.349006289
14/5/2003,0.348724964
13/5/2003,0.349868755
12/5/2003,0.355907529
9/5/2003,0.356235008
8/5/2003,0.354761836
7/5/2003,0.351733124
6/5/2003,0.357511282
5/5/2003,0.358159463
2/5/2003,0.359477762
1/5/2003,0.35745367
30/4/2003,0.358716907
29/4/2003,0.360409749
28/4/2003,0.363184526
25/4/2003,0.356069822
24/4/2003,0.356606515
23/4/2003,0.364263167
22/4/2003,0.363827943
21/4/2003,0.359231008
18/4/2003,0.367016502
17/4/2003,0.375329331
16/4/2003,0.372665274
15/4/2003,0.373649378
14/4/2003,0.378397965
11/4/2003,0.37369535
10/4/2003,0.374964588
9/4/2003,0.37293767
8/4/2003,0.372459408
7/4/2003,0.371732322
4/4/2003,0.371126762
3/4/2003,0.371752423
2/4/2003,0.375568079
1/4/2003,0.366610395
31/3/2003,0.365037117
28/3/2003,0.369116775
27/3/2003,0.367475991
26/3/2003,0.383216099
25/3/2003,0.383652907
24/3/2003,0.380552621
21/3/2003,0.361109927
20/3/2003,0.351692127
19/3/2003,0.354417501
18/3/2003,0.357328704
17/3/2003,0.355796505
14/3/2003,0.328854791
13/3/2003,0.329529221
12/3/2003,0.308911955
11/3/2003,0.309777308
10/3/2003,0.320544307
7/3/2003,0.310268292
6/3/2003,0.307731449
5/3/2003,0.306978095
4/3/2003,0.31194856
3/3/2003,0.31560256
28/2/2003,0.316083108
27/2/2003,0.314868216
26/2/2003,0.308260111
25/2/2003,0.30714409
24/2/2003,0.303763031
21/2/2003,0.296529065
20/2/2003,0.291391572
19/2/2003,0.310657135
18/2/2003,0.315018397
17/2/2003,0.300762215
14/2/2003,0.295260498
13/2/2003,0.300455309
12/2/2003,0.307618976
11/2/2003,0.30153921
10/2/2003,0.299751365
7/2/2003,0.298591409
6/2/2003,0.308649709
5/2/2003,0.30612502
4/2/2003,0.304264052
3/2/2003,0.311240978
31/1/2003,0.314256013
30/1/2003,0.31523426
29/1/2003,0.313084309
28/1/2003,0.311873793
27/1/2003,0.305363331
24/1/2003,0.301827841
23/1/2003,0.287501933
22/1/2003,0.286213646
21/1/2003,0.284774734
20/1/2003,0.27818906
17/1/2003,0.27620608
16/1/2003,0.270386145
15/1/2003,0.27002199
14/1/2003,0.272388688
13/1/2003,0.276166062
10/1/2003,0.27238727
9/1/2003,0.280699749
8/1/2003,0.290853393
7/1/2003,0.310425268
6/1/2003,0.306006572
3/1/2003,0.318984232
2/1/2003,0.331371652
31/12/2002,0.338861489
30/12/2002,0.330428114
27/12/2002,0.337798673
26/12/2002,0.342179327
25/12/2002,0.33772551
24/12/2002,0.341423243
23/12/2002,0.343014722
20/12/2002,0.343591927
19/12/2002,0.34851414
18/12/2002,0.350156727
17/12/2002,0.352591438
16/12/2002,0.353949606
13/12/2002,0.352870181
12/12/2002,0.34936874
11/12/2002,0.355715193
10/12/2002,0.354195065
9/12/2002,0.356145786
6/12/2002,0.352434757
5/12/2002,0.351198993
4/12/2002,0.35654785
3/12/2002,0.357600704
2/12/2002,0.355937045
29/11/2002,0.357144118
28/11/2002,0.360415046
27/11/2002,0.360172131
26/11/2002,0.355552537
25/11/2002,0.364405196
22/11/2002,0.367603218
21/11/2002,0.36885363
20/11/2002,0.365511127
19/11/2002,0.365415851
18/11/2002,0.367148086
15/11/2002,0.369320315
14/11/2002,0.37188756
13/11/2002,0.367065697
12/11/2002,0.370250753
11/11/2002,0.369860998
8/11/2002,0.367821966
7/11/2002,0.365261176
6/11/2002,0.362984529
5/11/2002,0.370933611
4/11/2002,0.375850494
1/11/2002,0.377548643
31/10/2002,0.3743017
30/10/2002,0.379238796
29/10/2002,0.380279787
28/10/2002,0.388636259
25/10/2002,0.399773077
24/10/2002,0.406814977
23/10/2002,0.410211853
22/10/2002,0.407045835
21/10/2002,0.403037659
18/10/2002,0.430454134
17/10/2002,0.430094705
16/10/2002,0.420310523
15/10/2002,0.429148531
14/10/2002,0.421051079
11/10/2002,0.428831013
10/10/2002,0.420598859
9/10/2002,0.415323831
8/10/2002,0.406320755
7/10/2002,0.408502288
4/10/2002,0.404075173
3/10/2002,0.398756312
2/10/2002,0.397617802
1/10/2002,0.400939177
30/9/2002,0.40171637
27/9/2002,0.402283266
26/9/2002,0.411416426
25/9/2002,0.412161687
24/9/2002,0.40456171
23/9/2002,0.408713102
20/9/2002,0.408536376
19/9/2002,0.391344623
18/9/2002,0.387878168
17/9/2002,0.386964371
16/9/2002,0.384917834
13/9/2002,0.384198158
12/9/2002,0.384666949
11/9/2002,0.380199456
10/9/2002,0.379891847
9/9/2002,0.3811317
6/9/2002,0.387281644
5/9/2002,0.382578032
4/9/2002,0.381751585
3/9/2002,0.377203893
2/9/2002,0.368803739
30/8/2002,0.367096193
29/8/2002,0.366851964
28/8/2002,0.369555367
27/8/2002,0.36678928
26/8/2002,0.3651661
23/8/2002,0.367875058
22/8/2002,0.36420147
21/8/2002,0.363210943
20/8/2002,0.361648801
19/8/2002,0.362068233
16/8/2002,0.361925882
15/8/2002,0.364256028
14/8/2002,0.366217559
13/8/2002,0.356545527
12/8/2002,0.355000657
9/8/2002,0.356942066
8/8/2002,0.359310481
7/8/2002,0.354008194
6/8/2002,0.352807777
5/8/2002,0.346120236
2/8/2002,0.34052858
1/8/2002,0.336437623
31/7/2002,0.335932858
30/7/2002,0.34613504
29/7/2002,0.351094297
26/7/2002,0.308700379
25/7/2002,0.310810767
24/7/2002,0.320644937
23/7/2002,0.284788854
22/7/2002,0.284464784
19/7/2002,0.274961646
18/7/2002,0.268177117
17/7/2002,0.261421084
16/7/2002,0.263778178
15/7/2002,0.267175389
12/7/2002,0.271391221
11/7/2002,0.274636531
10/7/2002,0.280182313
9/7/2002,0.265231589
8/7/2002,0.263017213
5/7/2002,0.260959771
4/7/2002,0.229066851
3/7/2002,0.230406695
2/7/2002,0.240213302
1/7/2002,0.224051322
28/6/2002,0.217417254
27/6/2002,0.218180492
26/6/2002,0.21519642
25/6/2002,0.219992331
24/6/2002,0.216332643
21/6/2002,0.21797113
20/6/2002,0.219801719
19/6/2002,0.218942724
18/6/2002,0.219721793
17/6/2002,0.221292911
14/6/2002,0.205969172
13/6/2002,0.207715378
12/6/2002,0.205271713
11/6/2002,0.210079896
10/6/2002,0.204322218
7/6/2002,0.204682379
6/6/2002,0.207128635
5/6/2002,0.198362542
4/6/2002,0.198661779
3/6/2002,0.198173925
31/5/2002,0.181069529
30/5/2002,0.17972567
29/5/2002,0.178480052
28/5/2002,0.184735407
27/5/2002,0.18087979
24/5/2002,0.192618943
23/5/2002,0.195299739
22/5/2002,0.191800168
21/5/2002,0.191698183
20/5/2002,0.18836126
17/5/2002,0.188408938
16/5/2002,0.187961142
15/5/2002,0.189709457
14/5/2002,0.191832964
13/5/2002,0.19268474
10/5/2002,0.192703855
9/5/2002,0.188233997
8/5/2002,0.183692479
7/5/2002,0.178416198
6/5/2002,0.178612597
3/5/2002,0.176918822
2/5/2002,0.180247813
1/5/2002,0.181597217
30/4/2002,0.183718559
29/4/2002,0.180675455
26/4/2002,0.192036496
25/4/2002,0.187714253
24/4/2002,0.191270169
23/4/2002,0.192404549
22/4/2002,0.203810532
19/4/2002,0.197284314
18/4/2002,0.196571224
17/4/2002,0.197033195
16/4/2002,0.199112558
15/4/2002,0.194743189
12/4/2002,0.19707784
11/4/2002,0.19984293
10/4/2002,0.190661688
9/4/2002,0.192358101
8/4/2002,0.192746128
5/4/2002,0.19345683
4/4/2002,0.196318086
3/4/2002,0.196628429
2/4/2002,0.192325802
1/4/2002,0.190414421
29/3/2002,0.191301136
28/3/2002,0.189795172
27/3/2002,0.187453256
26/3/2002,0.184183107
25/3/2002,0.185953484
22/3/2002,0.181071962
21/3/2002,0.182354999
20/3/2002,0.18596142
19/3/2002,0.183629626
18/3/2002,0.18438392
15/3/2002,0.183964186
14/3/2002,0.18374462
13/3/2002,0.180900166
12/3/2002,0.182325011
11/3/2002,0.181438928
8/3/2002,0.181578337
7/3/2002,0.186282854
6/3/2002,0.18731967
5/3/2002,0.181699872
4/3/2002,0.189687013
1/3/2002,0.175084724
28/2/2002,0.167216053
27/2/2002,0.179713989
26/2/2002,0.186246425
25/2/2002,0.186495164
22/2/2002,0.182323812
21/2/2002,0.184251822
20/2/2002,0.18934847
19/2/2002,0.186456856
18/2/2002,0.177915924
15/2/2002,0.1809583
14/2/2002,0.181644183
13/2/2002,0.182870834
12/2/2002,0.17890497
11/2/2002,0.181435175
8/2/2002,0.174148641
7/2/2002,0.163703485
6/2/2002,0.161651215
5/2/2002,0.168853757
4/2/2002,0.168527984
1/2/2002,0.153427223
31/1/2002,0.152375232
30/1/2002,0.148462173
29/1/2002,0.151059507
28/1/2002,0.143312533
25/1/2002,0.141632704
24/1/2002,0.147374426
23/1/2002,0.146060551
22/1/2002,0.154775642
21/1/2002,0.162878095
18/1/2002,0.161033164
17/1/2002,0.161354601
16/1/2002,0.158248757
15/1/2002,0.151323363
14/1/2002,0.152989365
11/1/2002,0.148801753
10/1/2002,0.149603039
9/1/2002,0.162114725
8/1/2002,0.162326109
7/1/2002,0.160339205
4/1/2002,0.161303686
3/1/2002,0.164124697
2/1/2002,0.174678169
31/12/2001,0.172448546
28/12/2001,0.171671417
27/12/2001,0.1678381
26/12/2001,0.163933301
25/12/2001,0.169262534
24/12/2001,0.169358925
21/12/2001,0.171190113
20/12/2001,0.181530796
19/12/2001,0.179399609
18/12/2001,0.181181154
17/12/2001,0.177475262
14/12/2001,0.188829189
13/12/2001,0.195603344
12/12/2001,0.206457266
11/12/2001,0.211716997
10/12/2001,0.210563041
7/12/2001,0.236425841
6/12/2001,0.238625742
5/12/2001,0.241606415
4/12/2001,0.239361101
3/12/2001,0.237911924
30/11/2001,0.236136432
29/11/2001,0.240107368
28/11/2001,0.241780209
27/11/2001,0.238784154
26/11/2001,0.237367073
23/11/2001,0.238766345
22/11/2001,0.236204914
21/11/2001,0.236381268
20/11/2001,0.23649372
19/11/2001,0.239915824
16/11/2001,0.238624067
15/11/2001,0.238680679
14/11/2001,0.240712076
13/11/2001,0.243794719
12/11/2001,0.239879583
9/11/2001,0.239966375
8/11/2001,0.241490843
7/11/2001,0.243502625
6/11/2001,0.242809908
5/11/2001,0.240987051
2/11/2001,0.23828685
1/11/2001,0.240681343
31/10/2001,0.237972072
30/10/2001,0.240733486
29/10/2001,0.237475605
26/10/2001,0.236547971
25/10/2001,0.236721852
24/10/2001,0.23409938
23/10/2001,0.235446688
22/10/2001,0.237604866
19/10/2001,0.235089211
18/10/2001,0.235582109
17/10/2001,0.237351647
16/10/2001,0.233640273
15/10/2001,0.238001007
12/10/2001,0.238799768
11/10/2001,0.23704607
10/10/2001,0.233880865
9/10/2001,0.223259552
8/10/2001,0.224564643
5/10/2001,0.225231719
4/10/2001,0.228638895
3/10/2001,0.234661821
2/10/2001,0.226063779
1/10/2001,0.224041556
28/9/2001,0.223400862
27/9/2001,0.214593649
26/9/2001,0.213834857
25/9/2001,0.218737767
24/9/2001,0.220896503
21/9/2001,0.205539216
20/9/2001,0.205219352
19/9/2001,0.198308231
18/9/2001,0.193766476
17/9/2001,0.196849943
14/9/2001,0.141579189
13/9/2001,0.140497921
12/9/2001,0.137243344
11/9/2001,0.138174303
10/9/2001,0.136182289
7/9/2001,0.136988552
6/9/2001,0.12798331
5/9/2001,0.132655435
4/9/2001,0.131879008
3/9/2001,0.1331576
31/8/2001,0.132513909
30/8/2001,0.132145819
29/8/2001,0.128662948
28/8/2001,0.128542561
27/8/2001,0.129332908
24/8/2001,0.13035759
23/8/2001,0.129792793
22/8/2001,0.133457484
21/8/2001,0.137014655
20/8/2001,0.137192044
17/8/2001,0.138347456
16/8/2001,0.136054008
15/8/2001,0.135436307
14/8/2001,0.140081693
13/8/2001,0.139279498
10/8/2001,0.14482285
9/8/2001,0.143490368
8/8/2001,0.145419714
7/8/2001,0.156546458
6/8/2001,0.157343351
3/8/2001,0.154181839
2/8/2001,0.154593861
1/8/2001,0.154443316
31/7/2001,0.156057604
30/7/2001,0.154852349
27/7/2001,0.154810479
26/7/2001,0.157899469
25/7/2001,0.159334413
24/7/2001,0.15431398
23/7/2001,0.14601207
20/7/2001,0.141002542
19/7/2001,0.146058263
18/7/2001,0.148029603
17/7/2001,0.152422551
16/7/2001,0.151756232
13/7/2001,0.15260867
12/7/2001,0.152984608
11/7/2001,0.142808641
10/7/2001,0.157371602
9/7/2001,0.154840419
6/7/2001,0.154853132
5/7/2001,0.1475248
4/7/2001,0.147412266
3/7/2001,0.145210442
2/7/2001,0.155404403
29/6/2001,0.158512975
28/6/2001,0.172218722
27/6/2001,0.195561625
26/6/2001,0.19288178
25/6/2001,0.219918913
22/6/2001,0.220316955
21/6/2001,0.220565942
20/6/2001,0.220680505
19/6/2001,0.224212614
18/6/2001,0.224837885
15/6/2001,0.227571113
14/6/2001,0.230317469
13/6/2001,0.221673411
12/6/2001,0.229361156
11/6/2001,0.231153056
8/6/2001,0.23071067
7/6/2001,0.234448794
6/6/2001,0.231103927
5/6/2001,0.237730329
4/6/2001,0.233034706
1/6/2001,0.25016059
31/5/2001,0.254000258
30/5/2001,0.25167163
29/5/2001,0.247617998
28/5/2001,0.247029192
25/5/2001,0.24428605
24/5/2001,0.242580577
23/5/2001,0.241231317
22/5/2001,0.238082664
21/5/2001,0.237885764
18/5/2001,0.240281694
17/5/2001,0.239714518
16/5/2001,0.239449048
15/5/2001,0.234261948
14/5/2001,0.232944075
11/5/2001,0.234558335
10/5/2001,0.234092434
9/5/2001,0.233619152
8/5/2001,0.232740191
7/5/2001,0.231727312
4/5/2001,0.232303754
3/5/2001,0.230559624
2/5/2001,0.227834406
1/5/2001,0.229879846
30/4/2001,0.228956946
27/4/2001,0.229494955
26/4/2001,0.227278673
25/4/2001,0.226229699
24/4/2001,0.222095521
23/4/2001,0.222755677
20/4/2001,0.224059617
19/4/2001,0.221909986
18/4/2001,0.222011752
17/4/2001,0.212639173
16/4/2001,0.215096825
13/4/2001,0.214241039
12/4/2001,0.211832333
11/4/2001,0.206902276
10/4/2001,0.205892891
9/4/2001,0.195721648
6/4/2001,0.195164981
5/4/2001,0.1867409
4/4/2001,0.160500947
3/4/2001,0.164317259
2/4/2001,0.143243019
30/3/2001,0.139921177
29/3/2001,0.142690484
28/3/2001,0.139560477
27/3/2001,0.15135009
26/3/2001,0.161230686
23/3/2001,0.157237687
22/3/2001,0.157140977
21/3/2001,0.162311648
20/3/2001,0.157181315
19/3/2001,0.157028734
16/3/2001,0.162377655
15/3/2001,0.154594557
14/3/2001,0.161461981
13/3/2001,0.153033514
12/3/2001,0.156882824
9/3/2001,0.138954224
8/3/2001,0.138143874
7/3/2001,0.139022091
6/3/2001,0.139134882
5/3/2001,0.138217568
2/3/2001,0.145527924
1/3/2001,0.145212013
28/2/2001,0.146178954
27/2/2001,0.151668197
26/2/2001,0.150337259
23/2/2001,0.144725951
22/2/2001,0.144491662
21/2/2001,0.141209167
20/2/2001,0.137335587
19/2/2001,0.134841886
16/2/2001,0.135957772
15/2/2001,0.135354196
14/2/2001,0.138925287
13/2/2001,0.138520522
12/2/2001,0.141321738
9/2/2001,0.141051184
8/2/2001,0.141704379
7/2/2001,0.141205546
6/2/2001,0.143573212
5/2/2001,0.144085059
2/2/2001,0.148144677
1/2/2001,0.148491045
31/1/2001,0.147873605
30/1/2001,0.148225715
29/1/2001,0.147605579
26/1/2001,0.146228585
25/1/2001,0.146898188
24/1/2001,0.146702044
23/1/2001,0.150734363
22/1/2001,0.148683635
19/1/2001,0.14929958
18/1/2001,0.146923562
17/1/2001,0.149921103
16/1/2001,0.149036602
15/1/2001,0.148431923
12/1/2001,0.146170123
11/1/2001,0.151502188
10/1/2001,0.151788808
9/1/2001,0.155987625
8/1/2001,0.157099898
5/1/2001,0.160120882
4/1/2001,0.1610881
3/1/2001,0.163334182
2/1/2001,0.158023759
29/12/2000,0.14606775
28/12/2000,0.149274181
27/12/2000,0.144947581
26/12/2000,0.140010437
25/12/2000,0.13842407
22/12/2000,0.13674069
21/12/2000,0.129620322
20/12/2000,0.13700295
19/12/2000,0.13108156
18/12/2000,0.131083861
15/12/2000,0.130383093
14/12/2000,0.12959436
13/12/2000,0.125901735
12/12/2000,0.125781329
11/12/2000,0.124137938
8/12/2000,0.131715227
7/12/2000,0.125202044
6/12/2000,0.125590982
5/12/2000,0.124850606
4/12/2000,0.117694005
1/12/2000,0.118139086
30/11/2000,0.115980958
29/11/2000,0.115345421
28/11/2000,0.115060304
27/11/2000,0.114891897
24/11/2000,0.116387327
23/11/2000,0.112762925
22/11/2000,0.112094663
21/11/2000,0.109150428
20/11/2000,0.109667332
17/11/2000,0.106821681
16/11/2000,0.107460236
15/11/2000,0.105942907
14/11/2000,0.105035954
13/11/2000,0.101500605
10/11/2000,0.10157935
9/11/2000,0.097626623
8/11/2000,0.09698335
7/11/2000,0.097056779
6/11/2000,0.09748159
3/11/2000,0.098518588
2/11/2000,0.100816617
1/11/2000,0.100145692
31/10/2000,0.101470668
30/10/2000,0.094205861
27/10/2000,0.09301987
26/10/2000,0.092492251
25/10/2000,0.093789452
24/10/2000,0.091656101
23/10/2000,0.094344585
20/10/2000,0.094980893
19/10/2000,0.097670457
18/10/2000,0.08679634
17/10/2000,0.088590678
16/10/2000,0.081682691
13/10/2000,0.082545909
12/10/2000,0.07492232
11/10/2000,0.064874731
10/10/2000,0.062352512
9/10/2000,0.062213339
6/10/2000,0.062259649
5/10/2000,0.057648048
4/10/2000,0.057856214
3/10/2000,0.060001131
2/10/2000,0.060276579
29/9/2000,0.05998608
28/9/2000,0.062837611
27/9/2000,0.05423766
26/9/2000,0.05534308
25/9/2000,0.056227009
22/9/2000,0.062550637
21/9/2000,0.074830836
20/9/2000,0.073736752
19/9/2000,0.072476644
18/9/2000,0.072978486
15/9/2000,0.061196719
14/9/2000,0.059766153
13/9/2000,0.062880805
12/9/2000,0.062793699
11/9/2000,0.062575339
8/9/2000,0.061325134
7/9/2000,0.063260804
6/9/2000,0.062368177
5/9/2000,0.062712216
4/9/2000,0.063336947
1/9/2000,0.062889709
31/8/2000,0.062531518
30/8/2000,0.063083927
29/8/2000,0.062882932
28/8/2000,0.06213288
25/8/2000,0.06375235
24/8/2000,0.068294067
23/8/2000,0.074041548
22/8/2000,0.073803825
21/8/2000,0.080680952
18/8/2000,0.081378726
17/8/2000,0.080530061
16/8/2000,0.082800649
15/8/2000,0.081795888
14/8/2000,0.080714472
11/8/2000,0.079379367
10/8/2000,0.082457924
9/8/2000,0.081888603
8/8/2000,0.083561027
7/8/2000,0.083699116
4/8/2000,0.085764479
3/8/2000,0.08487367
2/8/2000,0.092147514
1/8/2000,0.094826035
31/7/2000,0.093106528
28/7/2000,0.091711708
27/7/2000,0.090151662
26/7/2000,0.091722488
25/7/2000,0.097984028
24/7/2000,0.098550632
21/7/2000,0.100006047
20/7/2000,0.09821434
19/7/2000,0.09720787
18/7/2000,0.095756054
17/7/2000,0.107665266
14/7/2000,0.106512023
13/7/2000,0.107326948
12/7/2000,0.107537085
11/7/2000,0.106942423
10/7/2000,0.110491511
7/7/2000,0.10906875
6/7/2000,0.15205005
5/7/2000,0.151986683
4/7/2000,0.150208821
3/7/2000,0.14807963
30/6/2000,0.139456587
29/6/2000,0.133954802
28/6/2000,0.135786286
27/6/2000,0.134593533
26/6/2000,0.136961981
23/6/2000,0.133460881
22/6/2000,0.139229753
21/6/2000,0.136074474
20/6/2000,0.134966187
19/6/2000,0.134107171
16/6/2000,0.135932896
15/6/2000,0.135168375
14/6/2000,0.138032889
13/6/2000,0.137085114
12/6/2000,0.138524172
9/6/2000,0.138871956
8/6/2000,0.13874751
7/6/2000,0.176716512
6/6/2000,0.182734056
5/6/2000,0.182809344
2/6/2000,0.181582965
1/6/2000,0.18045412
31/5/2000,0.179576638
30/5/2000,0.177868279
29/5/2000,0.175045697
26/5/2000,0.173972113
25/5/2000,0.174486843
24/5/2000,0.172096224
23/5/2000,0.17163363
22/5/2000,0.171321514
19/5/2000,0.170446641
18/5/2000,0.166105983
17/5/2000,0.166769962
16/5/2000,0.164306212
15/5/2000,0.16370617
12/5/2000,0.163877527
11/5/2000,0.170513015
10/5/2000,0.166469608
9/5/2000,0.162876285
8/5/2000,0.162324819
5/5/2000,0.161763285
4/5/2000,0.163457196
3/5/2000,0.162576556
2/5/2000,0.161745861
1/5/2000,0.160764768
28/4/2000,0.159494574
27/4/2000,0.16035527
26/4/2000,0.161512714
25/4/2000,0.16238899
24/4/2000,0.154763667
21/4/2000,0.155260258
20/4/2000,0.157913603
19/4/2000,0.157976581
18/4/2000,0.157738411
17/4/2000,0.152714862
14/4/2000,0.158233444
13/4/2000,0.126460486
12/4/2000,0.126606403
11/4/2000,0.127397595
10/4/2000,0.126961735
7/4/2000,0.128554909
6/4/2000,0.128665648
5/4/2000,0.129181602
4/4/2000,0.129597437
3/4/2000,0.129730751
31/3/2000,0.131409915
30/3/2000,0.132306644
29/3/2000,0.133109793
28/3/2000,0.134471264
27/3/2000,0.143771137
24/3/2000,0.146663024
23/3/2000,0.147627715
22/3/2000,0.147449203
21/3/2000,0.149048205
20/3/2000,0.147668386
17/3/2000,0.147140328
16/3/2000,0.149745217
15/3/2000,0.11727093
14/3/2000,0.107649899
13/3/2000,0.109710891
10/3/2000,0.109784637
9/3/2000,0.108965259
8/3/2000,0.105015375
7/3/2000,0.106202819
6/3/2000,0.104591324
3/3/2000,0.103302
2/3/2000,0.100443393
1/3/2000,0.101168387
29/2/2000,0.100726955
28/2/2000,0.099666479
25/2/2000,0.099738413
24/2/2000,0.102295596
23/2/2000,0.101360256
22/2/2000,0.102149713
21/2/2000,0.102185471
18/2/2000,0.102391416
17/2/2000,0.094479646
16/2/2000,0.096236442
15/2/2000,0.096653495
14/2/2000,0.100376902
11/2/2000,0.101824475
10/2/2000,0.100273188
9/2/2000,0.101137855
8/2/2000,0.09604558
7/2/2000,0.098593091
4/2/2000,0.098807958
3/2/2000,0.099613951
2/2/2000,0.098592366
1/2/2000,0.098708313
31/1/2000,0.099047836
28/1/2000,0.099331767
27/1/2000,0.093850037
26/1/2000,0.094335842
25/1/2000,0.095821906
24/1/2000,0.095469215
21/1/2000,0.088163405
20/1/2000,0.093047926
19/1/2000,0.101316565
18/1/2000,0.101368564
17/1/2000,0.104111214
14/1/2000,0.102441423
13/1/2000,0.105874154
12/1/2000,0.104916871
11/1/2000,0.105591774
10/1/2000,0.102284014
7/1/2000,0.102792491
6/1/2000,0.105930998
5/1/2000,0.105969668
4/1/2000,0.111335425
3/1/2000,0.102771306
31/12/1999,0.094073437
30/12/1999,0.093110363
29/12/1999,0.092796997
28/12/1999,0.09492889
27/12/1999,0.094485117
24/12/1999,0.097348926
23/12/1999,0.09642606
22/12/1999,0.092993761
21/12/1999,0.093128796
20/12/1999,0.094220747
17/12/1999,0.094977903
16/12/1999,0.097378682
15/12/1999,0.104370113
14/12/1999,0.104725066
13/12/1999,0.111035448
10/12/1999,0.111677206
9/12/1999,0.113851532
8/12/1999,0.115106665
7/12/1999,0.116633512
6/12/1999,0.117195168
3/12/1999,0.117422764
2/12/1999,0.114881639
1/12/1999,0.115243939
30/11/1999,0.116116234
29/11/1999,0.117272584
26/11/1999,0.11750533
25/11/1999,0.126176005
24/11/1999,0.126986821
23/11/1999,0.127940873
22/11/1999,0.123315041
19/11/1999,0.127540819
18/11/1999,0.129715178
17/11/1999,0.131267718
16/11/1999,0.131997123
15/11/1999,0.130238655
12/11/1999,0.132713678
11/11/1999,0.132794223
10/11/1999,0.13360021
9/11/1999,0.133871703
8/11/1999,0.134226025
5/11/1999,0.135076723
4/11/1999,0.13974
3/11/1999,0.140269916
2/11/1999,0.144133298
1/11/1999,0.148346611
29/10/1999,0.148697846
28/10/1999,0.146197451
27/10/1999,0.133843389
26/10/1999,0.136115708
25/10/1999,0.136431749
22/10/1999,0.137596888
21/10/1999,0.13187937
20/10/1999,0.136247787
19/10/1999,0.134122748
18/10/1999,0.137643154
15/10/1999,0.140536997
14/10/1999,0.131471311
13/10/1999,0.13221277
12/10/1999,0.128462441
11/10/1999,0.128944622
8/10/1999,0.129511042
7/10/1999,0.13025737
6/10/1999,0.132681369
5/10/1999,0.128197145
4/10/1999,0.129578608
1/10/1999,0.123999773
30/9/1999,0.126385758
29/9/1999,0.125035373
28/9/1999,0.125026318
27/9/1999,0.124056996
24/9/1999,0.125051122
23/9/1999,0.126915953
22/9/1999,0.120811572
21/9/1999,0.114491925
20/9/1999,0.110316143
17/9/1999,0.111721209
16/9/1999,0.110076228
15/9/1999,0.113003771
14/9/1999,0.112488983
13/9/1999,0.112135891
10/9/1999,0.110979692
9/9/1999,0.11132678
8/9/1999,0.112298528
7/9/1999,0.115436977
6/9/1999,0.116684821
3/9/1999,0.114611347
2/9/1999,0.102578102
1/9/1999,0.101215835
31/8/1999,0.098742622
30/8/1999,0.101601569
27/8/1999,0.096114467
26/8/1999,0.096483791
25/8/1999,0.095110437
24/8/1999,0.095500818
23/8/1999,0.093706893
20/8/1999,0.092492645
19/8/1999,0.094825525
18/8/1999,0.098634516
17/8/1999,0.097661882
16/8/1999,0.09849109
13/8/1999,0.102704525
12/8/1999,0.097342941
11/8/1999,0.097893817
10/8/1999,0.097103148
9/8/1999,0.090275926
6/8/1999,0.090140905
5/8/1999,0.098493774
4/8/1999,0.099986326
3/8/1999,0.096026045
2/8/1999,0.096098533
30/7/1999,0.095857631
29/7/1999,0.097324197
28/7/1999,0.091847683
27/7/1999,0.091409991
26/7/1999,0.089252467
23/7/1999,0.098135112
22/7/1999,0.097456777
21/7/1999,0.095576416
20/7/1999,0.094815969
19/7/1999,0.088160685
16/7/1999,0.086062298
15/7/1999,0.085287234
14/7/1999,0.083856929
13/7/1999,0.084926745
12/7/1999,0.08152065
9/7/1999,0.078383946
8/7/1999,0.079316712
7/7/1999,0.079188084
6/7/1999,0.077665417
5/7/1999,0.076831001
2/7/1999,0.076044845
1/7/1999,0.075467441
30/6/1999,0.076878244
29/6/1999,0.077837641
28/6/1999,0.078820776
25/6/1999,0.078041798
24/6/1999,0.078662307
23/6/1999,0.073249712
22/6/1999,0.072440005
21/6/1999,0.074981984
18/6/1999,0.076963224
17/6/1999,0.07760572
16/6/1999,0.078467777
15/6/1999,0.077512712
14/6/1999,0.090052814
11/6/1999,0.090928602
10/6/1999,0.092945617
9/6/1999,0.091502354
8/6/1999,0.091152073
7/6/1999,0.088626226
4/6/1999,0.08743642
3/6/1999,0.085871141
2/6/1999,0.085840234
1/6/1999,0.085645187
31/5/1999,0.086992153
28/5/1999,0.085181645
27/5/1999,0.086842611
26/5/1999,0.085421495
25/5/1999,0.086037835
24/5/1999,0.082893924
21/5/1999,0.078405613
20/5/1999,0.078405917
19/5/1999,0.080651649
18/5/1999,0.080843254
17/5/1999,0.080611861
14/5/1999,0.085184555
13/5/1999,0.075917721
12/5/1999,0.076554437
11/5/1999,0.080000355
10/5/1999,0.079101791
7/5/1999,0.080504553
6/5/1999,0.08641058
5/5/1999,0.086778685
4/5/1999,0.087257517
3/5/1999,0.092456129
30/4/1999,0.086409172
29/4/1999,0.086518836
28/4/1999,0.088820592
27/4/1999,0.089769401
26/4/1999,0.091052754
23/4/1999,0.090670183